Season,Week,Contestant,Rank_System_Place,Percent_System_Place,Diff
1,2,John O'Hurley,1.0,1.0,0.0
1,2,Kelly Monaco,5.0,5.0,0.0
1,2,Evander Holyfield,5.0,4.0,1.0
1,2,Rachel Hunter,2.0,2.0,0.0
1,2,Joey McIntyre,3.0,3.0,0.0
1,2,Trista Sutter,5.0,6.0,-1.0
1,3,John O'Hurley,2.0,2.0,0.0
1,3,Kelly Monaco,4.0,4.0,0.0
1,3,Evander Holyfield,6.0,5.0,1.0
1,3,Rachel Hunter,1.0,1.0,0.0
1,3,Joey McIntyre,3.0,3.0,0.0
1,3,Trista Sutter,5.0,6.0,-1.0
1,4,John O'Hurley,5.0,4.0,1.0
1,4,Kelly Monaco,1.0,1.0,0.0
1,4,Evander Holyfield,3.0,6.0,-3.0
1,4,Rachel Hunter,5.0,3.0,2.0
1,4,Joey McIntyre,5.0,2.0,3.0
1,4,Trista Sutter,2.0,5.0,-3.0
2,1,Tatum O'Neal,2.0,2.0,0.0
2,1,Tia Carrere,6.0,6.0,0.0
2,1,George Hamilton,8.0,8.0,0.0
2,1,Lisa Rinna,7.0,7.0,0.0
2,1,Stacy Keibler,4.0,4.0,0.0
2,1,Jerry Rice,5.0,5.0,0.0
2,1,Giselle Fernandez,3.0,3.0,0.0
2,1,Master P,9.5,9.0,0.5
2,1,Drew Lachey,1.0,1.0,0.0
2,1,Kenny Mayne,9.5,10.0,-0.5
2,2,Tatum O'Neal,9.5,9.0,0.5
2,2,Tia Carrere,6.0,6.0,0.0
2,2,George Hamilton,5.0,5.0,0.0
2,2,Lisa Rinna,7.0,7.0,0.0
2,2,Stacy Keibler,1.0,1.0,0.0
2,2,Jerry Rice,4.0,4.0,0.0
2,2,Giselle Fernandez,3.0,3.0,0.0
2,2,Master P,9.5,8.0,1.5
2,2,Drew Lachey,2.0,2.0,0.0
2,2,Kenny Mayne,8.0,10.0,-2.0
2,4,Tatum O'Neal,10.0,9.0,1.0
2,4,Tia Carrere,4.0,4.0,0.0
2,4,George Hamilton,6.0,6.0,0.0
2,4,Lisa Rinna,2.0,2.0,0.0
2,4,Stacy Keibler,3.0,3.0,0.0
2,4,Jerry Rice,5.0,5.0,0.0
2,4,Giselle Fernandez,8.5,8.0,0.5
2,4,Master P,8.5,10.0,-1.5
2,4,Drew Lachey,1.0,1.0,0.0
2,4,Kenny Mayne,7.0,7.0,0.0
2,5,Tatum O'Neal,10.0,10.0,0.0
2,5,Tia Carrere,9.0,6.0,3.0
2,5,George Hamilton,4.0,4.0,0.0
2,5,Lisa Rinna,3.0,3.0,0.0
2,5,Stacy Keibler,1.5,1.0,0.5
2,5,Jerry Rice,5.0,5.0,0.0
2,5,Giselle Fernandez,8.0,9.0,-1.0
2,5,Master P,7.0,8.0,-1.0
2,5,Drew Lachey,1.5,2.0,-0.5
2,5,Kenny Mayne,6.0,7.0,-1.0
3,1,Harry Hamlin,8.0,8.0,0.0
3,1,Vivica A. Fox,3.5,3.5,0.0
3,1,Monique Coleman,6.0,6.0,0.0
3,1,Joey Lawrence,5.0,5.0,0.0
3,1,Mario Lopez,1.0,1.0,0.0
3,1,Emmitt Smith,2.0,2.0,0.0
3,1,Shanna Moakler,7.0,7.0,0.0
3,1,Willa Ford,3.5,3.5,0.0
3,1,Sara Evans,10.0,10.0,0.0
3,1,Jerry Springer,9.0,9.0,0.0
3,1,Tucker Carlson,11.0,11.0,0.0
3,2,Harry Hamlin,8.0,7.0,1.0
3,2,Vivica A. Fox,3.5,3.5,0.0
3,2,Monique Coleman,2.0,2.0,0.0
3,2,Joey Lawrence,1.0,1.0,0.0
3,2,Mario Lopez,8.0,7.0,1.0
3,2,Emmitt Smith,3.5,3.5,0.0
3,2,Shanna Moakler,10.0,11.0,-1.0
3,2,Willa Ford,5.0,5.0,0.0
3,2,Sara Evans,8.0,7.0,1.0
3,2,Jerry Springer,11.0,9.0,2.0
3,2,Tucker Carlson,6.0,10.0,-4.0
3,3,Harry Hamlin,9.0,11.0,-2.0
3,3,Vivica A. Fox,1.5,1.5,0.0
3,3,Monique Coleman,1.5,1.5,0.0
3,3,Joey Lawrence,6.5,5.0,1.5
3,3,Mario Lopez,6.5,5.0,1.5
3,3,Emmitt Smith,11.0,8.0,3.0
3,3,Shanna Moakler,6.5,10.0,-3.5
3,3,Willa Ford,6.5,5.0,1.5
3,3,Sara Evans,3.0,3.0,0.0
3,3,Jerry Springer,10.0,7.0,3.0
3,3,Tucker Carlson,4.0,9.0,-5.0
3,4,Harry Hamlin,4.0,8.0,-4.0
3,4,Vivica A. Fox,9.5,11.0,-1.5
3,4,Monique Coleman,8.0,5.0,3.0
3,4,Joey Lawrence,3.0,3.0,0.0
3,4,Mario Lopez,1.0,1.0,0.0
3,4,Emmitt Smith,5.0,4.0,1.0
3,4,Shanna Moakler,6.5,9.5,-3.0
3,4,Willa Ford,2.0,2.0,0.0
3,4,Sara Evans,11.0,7.0,4.0
3,4,Jerry Springer,9.5,6.0,3.5
3,4,Tucker Carlson,6.5,9.5,-3.0
3,5,Harry Hamlin,5.0,8.0,-3.0
3,5,Vivica A. Fox,5.0,8.0,-3.0
3,5,Monique Coleman,1.5,1.5,0.0
3,5,Joey Lawrence,7.0,4.0,3.0
3,5,Mario Lopez,3.0,3.0,0.0
3,5,Emmitt Smith,1.5,1.5,0.0
3,5,Shanna Moakler,5.0,8.0,-3.0
3,5,Willa Ford,8.5,11.0,-2.5
3,5,Sara Evans,10.5,5.5,5.0
3,5,Jerry Springer,10.5,5.5,5.0
3,5,Tucker Carlson,8.5,10.0,-1.5
4,2,John Ratzenberger,8.0,7.0,1.0
4,2,Ian Ziering,5.0,5.0,0.0
4,2,Clyde Drexler,6.0,10.0,-4.0
4,2,Laila Ali,1.0,1.0,0.0
4,2,Apolo Anton Ohno,2.0,2.0,0.0
4,2,Shandi Finnessey,11.0,9.0,2.0
4,2,Paulina Porizkova,10.0,11.0,-1.0
4,2,Heather Mills,3.5,3.5,0.0
4,2,Billy Ray Cyrus,8.0,7.0,1.0
4,2,Joey Fatone,3.5,3.5,0.0
4,2,Leeza Gibbons,8.0,7.0,1.0
4,3,John Ratzenberger,9.5,8.0,1.5
4,3,Ian Ziering,2.5,2.5,0.0
4,3,Clyde Drexler,11.0,9.0,2.0
4,3,Laila Ali,7.5,6.5,1.0
4,3,Apolo Anton Ohno,5.0,5.0,0.0
4,3,Shandi Finnessey,9.5,11.0,-1.5
4,3,Paulina Porizkova,6.0,10.0,-4.0
4,3,Heather Mills,2.5,2.5,0.0
4,3,Billy Ray Cyrus,7.5,6.5,1.0
4,3,Joey Fatone,2.5,2.5,0.0
4,3,Leeza Gibbons,2.5,2.5,0.0
4,4,John Ratzenberger,9.0,7.0,2.0
4,4,Ian Ziering,3.0,3.0,0.0
4,4,Clyde Drexler,11.0,8.0,3.0
4,4,Laila Ali,5.5,5.5,0.0
4,4,Apolo Anton Ohno,2.0,2.0,0.0
4,4,Shandi Finnessey,7.5,9.5,-2.0
4,4,Paulina Porizkova,7.5,9.5,-2.0
4,4,Heather Mills,4.0,4.0,0.0
4,4,Billy Ray Cyrus,5.5,5.5,0.0
4,4,Joey Fatone,1.0,1.0,0.0
4,4,Leeza Gibbons,10.0,11.0,-1.0
4,5,John Ratzenberger,6.0,6.0,0.0
4,5,Ian Ziering,4.0,4.0,0.0
4,5,Clyde Drexler,9.5,11.0,-1.5
4,5,Laila Ali,2.0,2.0,0.0
4,5,Apolo Anton Ohno,1.0,1.0,0.0
4,5,Shandi Finnessey,9.5,9.0,0.5
4,5,Paulina Porizkova,9.5,9.0,0.5
4,5,Heather Mills,5.0,5.0,0.0
4,5,Billy Ray Cyrus,7.0,7.0,0.0
4,5,Joey Fatone,3.0,3.0,0.0
4,5,Leeza Gibbons,9.5,9.0,0.5
4,6,John Ratzenberger,11.0,6.0,5.0
4,6,Ian Ziering,6.0,4.0,2.0
4,6,Clyde Drexler,4.5,7.5,-3.0
4,6,Laila Ali,1.5,1.5,0.0
4,6,Apolo Anton Ohno,1.5,1.5,0.0
4,6,Shandi Finnessey,4.5,7.5,-3.0
4,6,Paulina Porizkova,7.5,9.5,-2.0
4,6,Heather Mills,10.0,11.0,-1.0
4,6,Billy Ray Cyrus,9.0,5.0,4.0
4,6,Joey Fatone,3.0,3.0,0.0
4,6,Leeza Gibbons,7.5,9.5,-2.0
4,7,John Ratzenberger,10.5,11.0,-0.5
4,7,Ian Ziering,6.5,3.5,3.0
4,7,Clyde Drexler,4.0,7.0,-3.0
4,7,Laila Ali,1.5,1.5,0.0
4,7,Apolo Anton Ohno,6.5,3.5,3.0
4,7,Shandi Finnessey,8.0,9.0,-1.0
4,7,Paulina Porizkova,4.0,7.0,-3.0
4,7,Heather Mills,9.0,10.0,-1.0
4,7,Billy Ray Cyrus,10.5,5.0,5.5
4,7,Joey Fatone,1.5,1.5,0.0
4,7,Leeza Gibbons,4.0,7.0,-3.0
4,8,John Ratzenberger,3.0,5.5,-2.5
4,8,Ian Ziering,9.0,4.0,5.0
4,8,Clyde Drexler,7.0,8.0,-1.0
4,8,Laila Ali,5.0,3.0,2.0
4,8,Apolo Anton Ohno,1.0,1.0,0.0
4,8,Shandi Finnessey,10.0,10.0,0.0
4,8,Paulina Porizkova,7.0,8.0,-1.0
4,8,Heather Mills,7.0,8.0,-1.0
4,8,Billy Ray Cyrus,11.0,11.0,0.0
4,8,Joey Fatone,3.0,2.0,1.0
4,8,Leeza Gibbons,3.0,5.5,-2.5
5,1,Cameron Mathison,7.0,7.0,0.0
5,1,Jane Seymour,3.5,3.5,0.0
5,1,Sabrina Bryan,1.0,1.0,0.0
5,1,Jennie Garth,7.0,7.0,0.0
5,1,Floyd Mayweather Jr. ,11.0,11.0,0.0
5,1,Josie Maran,12.0,12.0,0.0
5,1,Albert Reed,7.0,7.0,0.0
5,1,Helio Castroneves,2.0,2.0,0.0
5,1,Mel B,3.5,3.5,0.0
5,1,Wayne Newton,10.0,10.0,0.0
5,1,Marie Osmond,7.0,7.0,0.0
5,1,Mark Cuban,7.0,7.0,0.0
5,2,Cameron Mathison,7.5,6.5,1.0
5,2,Jane Seymour,7.5,6.5,1.0
5,2,Sabrina Bryan,2.0,2.0,0.0
5,2,Jennie Garth,7.5,6.5,1.0
5,2,Floyd Mayweather Jr. ,7.5,6.5,1.0
5,2,Josie Maran,5.0,11.0,-6.0
5,2,Albert Reed,10.0,12.0,-2.0
5,2,Helio Castroneves,1.0,1.0,0.0
5,2,Mel B,4.0,4.0,0.0
5,2,Wayne Newton,12.0,10.0,2.0
5,2,Marie Osmond,3.0,3.0,0.0
5,2,Mark Cuban,11.0,9.0,2.0
5,3,Cameron Mathison,8.0,7.0,1.0
5,3,Jane Seymour,2.0,2.0,0.0
5,3,Sabrina Bryan,2.0,2.0,0.0
5,3,Jennie Garth,4.5,4.5,0.0
5,3,Floyd Mayweather Jr. ,10.0,8.0,2.0
5,3,Josie Maran,8.0,10.5,-2.5
5,3,Albert Reed,8.0,10.5,-2.5
5,3,Helio Castroneves,6.0,6.0,0.0
5,3,Mel B,2.0,2.0,0.0
5,3,Wayne Newton,12.0,12.0,0.0
5,3,Marie Osmond,4.5,4.5,0.0
5,3,Mark Cuban,11.0,9.0,2.0
5,4,Cameron Mathison,3.0,3.0,0.0
5,4,Jane Seymour,9.0,6.0,3.0
5,4,Sabrina Bryan,1.0,1.0,0.0
5,4,Jennie Garth,3.0,3.0,0.0
5,4,Floyd Mayweather Jr. ,11.5,12.0,-0.5
5,4,Josie Maran,6.0,10.0,-4.0
5,4,Albert Reed,6.0,10.0,-4.0
5,4,Helio Castroneves,3.0,3.0,0.0
5,4,Mel B,9.0,6.0,3.0
5,4,Wayne Newton,6.0,10.0,-4.0
5,4,Marie Osmond,9.0,6.0,3.0
5,4,Mark Cuban,11.5,8.0,3.5
5,5,Cameron Mathison,3.5,3.5,0.0
5,5,Jane Seymour,3.5,3.5,0.0
5,5,Sabrina Bryan,2.0,2.0,0.0
5,5,Jennie Garth,9.0,5.0,4.0
5,5,Floyd Mayweather Jr. ,6.5,9.5,-3.0
5,5,Josie Maran,6.5,9.5,-3.0
5,5,Albert Reed,6.5,9.5,-3.0
5,5,Helio Castroneves,10.0,6.0,4.0
5,5,Mel B,1.0,1.0,0.0
5,5,Wayne Newton,6.5,9.5,-3.0
5,5,Marie Osmond,11.0,7.0,4.0
5,5,Mark Cuban,12.0,12.0,0.0
5,6,Cameron Mathison,8.0,4.0,4.0
5,6,Jane Seymour,12.0,6.0,6.0
5,6,Sabrina Bryan,11.0,12.0,-1.0
5,6,Jennie Garth,3.5,3.0,0.5
5,6,Floyd Mayweather Jr. ,6.0,9.0,-3.0
5,6,Josie Maran,6.0,9.0,-3.0
5,6,Albert Reed,3.5,7.0,-3.5
5,6,Helio Castroneves,2.0,2.0,0.0
5,6,Mel B,1.0,1.0,0.0
5,6,Wayne Newton,6.0,9.0,-3.0
5,6,Marie Osmond,10.0,5.0,5.0
5,6,Mark Cuban,9.0,11.0,-2.0
5,7,Cameron Mathison,11.0,5.0,6.0
5,7,Jane Seymour,12.0,12.0,0.0
5,7,Sabrina Bryan,4.5,7.5,-3.0
5,7,Jennie Garth,2.0,2.0,0.0
5,7,Floyd Mayweather Jr. ,8.5,9.5,-1.0
5,7,Josie Maran,4.5,7.5,-3.0
5,7,Albert Reed,8.5,9.5,-1.0
5,7,Helio Castroneves,6.5,3.5,3.0
5,7,Mel B,1.0,1.0,0.0
5,7,Wayne Newton,10.0,11.0,-1.0
5,7,Marie Osmond,6.5,3.5,3.0
5,7,Mark Cuban,3.0,6.0,-3.0
6,2,Cristian de la Fuente,8.0,8.0,0.0
6,2,Steve Guttenberg,11.0,11.0,0.0
6,2,Priscilla Presley,6.5,6.5,0.0
6,2,Marlee Matlin,4.5,4.5,0.0
6,2,Shannon Elizabeth,4.5,4.5,0.0
6,2,Marissa Jaret Winokur,6.5,6.5,0.0
6,2,Jason Taylor,1.5,1.5,0.0
6,2,Kristi Yamaguchi,1.5,1.5,0.0
6,2,Monica Seles,12.0,12.0,0.0
6,2,Penn Jillette,10.0,10.0,0.0
6,2,Adam Carolla,9.0,9.0,0.0
6,2,Mario,3.0,3.0,0.0
6,3,Cristian de la Fuente,3.0,3.0,0.0
6,3,Steve Guttenberg,11.0,12.0,-1.0
6,3,Priscilla Presley,2.0,2.0,0.0
6,3,Marlee Matlin,9.0,7.0,2.0
6,3,Shannon Elizabeth,4.0,4.0,0.0
6,3,Marissa Jaret Winokur,12.0,9.0,3.0
6,3,Jason Taylor,5.0,5.0,0.0
6,3,Kristi Yamaguchi,1.0,1.0,0.0
6,3,Monica Seles,6.5,10.5,-4.0
6,3,Penn Jillette,6.5,10.5,-4.0
6,3,Adam Carolla,9.0,7.0,2.0
6,3,Mario,9.0,7.0,2.0
6,4,Cristian de la Fuente,4.0,4.0,0.0
6,4,Steve Guttenberg,9.0,9.0,0.0
6,4,Priscilla Presley,8.0,8.0,0.0
6,4,Marlee Matlin,6.0,6.0,0.0
6,4,Shannon Elizabeth,3.0,3.0,0.0
6,4,Marissa Jaret Winokur,6.0,6.0,0.0
6,4,Jason Taylor,1.5,1.5,0.0
6,4,Kristi Yamaguchi,1.5,1.5,0.0
6,4,Monica Seles,11.5,10.5,1.0
6,4,Penn Jillette,11.5,10.5,1.0
6,4,Adam Carolla,10.0,12.0,-2.0
6,4,Mario,6.0,6.0,0.0
6,5,Cristian de la Fuente,9.5,5.5,4.0
6,5,Steve Guttenberg,6.5,9.5,-3.0
6,5,Priscilla Presley,12.0,12.0,0.0
6,5,Marlee Matlin,11.0,7.0,4.0
6,5,Shannon Elizabeth,9.5,5.5,4.0
6,5,Marissa Jaret Winokur,4.0,4.0,0.0
6,5,Jason Taylor,2.5,2.5,0.0
6,5,Kristi Yamaguchi,1.0,1.0,0.0
6,5,Monica Seles,6.5,9.5,-3.0
6,5,Penn Jillette,6.5,9.5,-3.0
6,5,Adam Carolla,6.5,9.5,-3.0
6,5,Mario,2.5,2.5,0.0
6,6,Cristian de la Fuente,3.0,3.0,0.0
6,6,Steve Guttenberg,5.5,8.5,-3.0
6,6,Priscilla Presley,5.5,8.5,-3.0
6,6,Marlee Matlin,12.0,12.0,0.0
6,6,Shannon Elizabeth,10.5,5.5,5.0
6,6,Marissa Jaret Winokur,8.0,4.0,4.0
6,6,Jason Taylor,10.5,5.5,5.0
6,6,Kristi Yamaguchi,1.0,1.0,0.0
6,6,Monica Seles,9.0,11.0,-2.0
6,6,Penn Jillette,5.5,8.5,-3.0
6,6,Adam Carolla,5.5,8.5,-3.0
6,6,Mario,2.0,2.0,0.0
7,1,Ted McGinley,11.5,13.0,-1.5
7,1,Cloris Leachman,13.0,11.0,2.0
7,1,Susan Lucci,9.5,8.5,1.0
7,1,Cody Linley,6.0,6.0,0.0
7,1,Misty May-Treanor,5.0,5.0,0.0
7,1,Maurice Greene,8.0,7.0,1.0
7,1,Warren Sapp,3.5,3.5,0.0
7,1,Jeffrey Ross,7.0,12.0,-5.0
7,1,Toni Braxton,2.0,2.0,0.0
7,1,Lance Bass,3.5,3.5,0.0
7,1,Kim Kardashian,9.5,8.5,1.0
7,1,Rocco DiSpirito,11.5,10.0,1.5
7,1,Brooke Burke,1.0,1.0,0.0
7,2,Ted McGinley,7.5,11.5,-4.0
7,2,Cloris Leachman,13.0,10.0,3.0
7,2,Susan Lucci,5.0,5.0,0.0
7,2,Cody Linley,5.0,5.0,0.0
7,2,Misty May-Treanor,5.0,5.0,0.0
7,2,Maurice Greene,10.0,8.0,2.0
7,2,Warren Sapp,1.5,1.5,0.0
7,2,Jeffrey Ross,7.5,11.5,-4.0
7,2,Toni Braxton,3.0,3.0,0.0
7,2,Lance Bass,9.0,7.0,2.0
7,2,Kim Kardashian,12.0,13.0,-1.0
7,2,Rocco DiSpirito,11.0,9.0,2.0
7,2,Brooke Burke,1.5,1.5,0.0
7,4,Ted McGinley,7.5,11.5,-4.0
7,4,Cloris Leachman,10.0,6.0,4.0
7,4,Susan Lucci,3.0,3.0,0.0
7,4,Cody Linley,4.0,4.0,0.0
7,4,Misty May-Treanor,7.5,11.5,-4.0
7,4,Maurice Greene,12.0,8.0,4.0
7,4,Warren Sapp,10.0,6.0,4.0
7,4,Jeffrey Ross,5.5,9.5,-4.0
7,4,Toni Braxton,10.0,6.0,4.0
7,4,Lance Bass,1.5,1.5,0.0
7,4,Kim Kardashian,5.5,9.5,-4.0
7,4,Rocco DiSpirito,13.0,13.0,0.0
7,4,Brooke Burke,1.5,1.5,0.0
7,5,Ted McGinley,7.0,10.0,-3.0
7,5,Cloris Leachman,12.5,6.5,6.0
7,5,Susan Lucci,10.0,5.0,5.0
7,5,Cody Linley,2.0,2.0,0.0
7,5,Misty May-Treanor,7.0,10.0,-3.0
7,5,Maurice Greene,3.0,3.0,0.0
7,5,Warren Sapp,4.0,4.0,0.0
7,5,Jeffrey Ross,7.0,10.0,-3.0
7,5,Toni Braxton,11.0,13.0,-2.0
7,5,Lance Bass,12.5,6.5,6.0
7,5,Kim Kardashian,7.0,10.0,-3.0
7,5,Rocco DiSpirito,7.0,10.0,-3.0
7,5,Brooke Burke,1.0,1.0,0.0
7,6,Ted McGinley,8.5,10.5,-2.0
7,6,Cloris Leachman,13.0,13.0,0.0
7,6,Susan Lucci,8.5,4.5,4.0
7,6,Cody Linley,8.5,4.5,4.0
7,6,Misty May-Treanor,4.0,7.5,-3.5
7,6,Maurice Greene,12.0,6.0,6.0
7,6,Warren Sapp,4.0,3.0,1.0
7,6,Jeffrey Ross,4.0,7.5,-3.5
7,6,Toni Braxton,8.5,10.5,-2.0
7,6,Lance Bass,1.0,1.0,0.0
7,6,Kim Kardashian,8.5,10.5,-2.0
7,6,Rocco DiSpirito,8.5,10.5,-2.0
7,6,Brooke Burke,2.0,2.0,0.0
8,2,Gilles Marini,1.0,1.0,0.0
8,2,Denise Richards,5.0,5.0,0.0
8,2,David Alan Grier,12.5,10.5,2.0
8,2,Lawrence Taylor,7.0,7.0,0.0
8,2,Ty Murray,7.0,7.0,0.0
8,2,Shawn Johnson,3.0,3.0,0.0
8,2,Steve Wozniak,12.5,10.5,2.0
8,2,Belinda Carlisle,11.0,13.0,-2.0
8,2,Chuck Wicks,7.0,7.0,0.0
8,2,Lil' Kim,4.0,4.0,0.0
8,2,Steve-O,9.0,12.0,-3.0
8,2,Holly Madison,10.0,9.0,1.0
8,2,Melissa Rycroft,2.0,2.0,0.0
8,3,Gilles Marini,2.0,2.0,0.0
8,3,Denise Richards,12.0,13.0,-1.0
8,3,David Alan Grier,5.0,5.0,0.0
8,3,Lawrence Taylor,9.0,8.0,1.0
8,3,Ty Murray,7.0,6.5,0.5
8,3,Shawn Johnson,2.0,2.0,0.0
8,3,Steve Wozniak,13.0,11.0,2.0
8,3,Belinda Carlisle,7.0,12.0,-5.0
8,3,Chuck Wicks,7.0,6.5,0.5
8,3,Lil' Kim,4.0,4.0,0.0
8,3,Steve-O,11.0,10.0,1.0
8,3,Holly Madison,10.0,9.0,1.0
8,3,Melissa Rycroft,2.0,2.0,0.0
8,4,Gilles Marini,1.0,1.0,0.0
8,4,Denise Richards,11.0,11.5,-0.5
8,4,David Alan Grier,6.0,6.0,0.0
8,4,Lawrence Taylor,8.0,8.0,0.0
8,4,Ty Murray,4.5,4.5,0.0
8,4,Shawn Johnson,4.5,4.5,0.0
8,4,Steve Wozniak,13.0,13.0,0.0
8,4,Belinda Carlisle,11.0,11.5,-0.5
8,4,Chuck Wicks,7.0,7.0,0.0
8,4,Lil' Kim,3.0,3.0,0.0
8,4,Steve-O,11.0,10.0,1.0
8,4,Holly Madison,9.0,9.0,0.0
8,4,Melissa Rycroft,2.0,2.0,0.0
8,5,Gilles Marini,1.0,1.0,0.0
8,5,Denise Richards,7.0,10.5,-3.5
8,5,David Alan Grier,11.5,13.0,-1.5
8,5,Lawrence Taylor,11.5,7.0,4.5
8,5,Ty Murray,10.0,6.0,4.0
8,5,Shawn Johnson,3.0,3.0,0.0
8,5,Steve Wozniak,7.0,10.5,-3.5
8,5,Belinda Carlisle,7.0,10.5,-3.5
8,5,Chuck Wicks,7.0,5.0,2.0
8,5,Lil' Kim,2.0,2.0,0.0
8,5,Steve-O,13.0,8.0,5.0
8,5,Holly Madison,7.0,10.5,-3.5
8,5,Melissa Rycroft,4.0,4.0,0.0
8,6,Gilles Marini,3.5,3.5,0.0
8,6,Denise Richards,6.5,9.5,-3.0
8,6,David Alan Grier,10.5,12.0,-1.5
8,6,Lawrence Taylor,10.5,6.0,4.5
8,6,Ty Murray,12.0,7.0,5.0
8,6,Shawn Johnson,3.5,3.5,0.0
8,6,Steve Wozniak,6.5,9.5,-3.0
8,6,Belinda Carlisle,6.5,9.5,-3.0
8,6,Chuck Wicks,9.0,5.0,4.0
8,6,Lil' Kim,1.0,1.0,0.0
8,6,Steve-O,13.0,13.0,0.0
8,6,Holly Madison,6.5,9.5,-3.0
8,6,Melissa Rycroft,2.0,2.0,0.0
8,7,Gilles Marini,4.5,3.5,1.0
8,7,Denise Richards,3.0,7.0,-4.0
8,7,David Alan Grier,8.0,10.0,-2.0
8,7,Lawrence Taylor,13.0,13.0,0.0
8,7,Ty Murray,12.0,6.0,6.0
8,7,Shawn Johnson,2.0,2.0,0.0
8,7,Steve Wozniak,8.0,10.0,-2.0
8,7,Belinda Carlisle,8.0,10.0,-2.0
8,7,Chuck Wicks,4.5,3.5,1.0
8,7,Lil' Kim,11.0,5.0,6.0
8,7,Steve-O,8.0,10.0,-2.0
8,7,Holly Madison,8.0,10.0,-2.0
8,7,Melissa Rycroft,1.0,1.0,0.0
9,1,Ashley Hamiliton,16.0,16.0,0.0
9,1,Debi Mazar,10.5,10.5,0.0
9,1,Melissa Joan Hart,9.0,9.0,0.0
9,1,Mark Dacascos,6.0,6.0,0.0
9,1,Chuck Liddell,10.5,10.5,0.0
9,1,Natalie Coughlin,7.5,7.5,0.0
9,1,Louie Vito,7.5,7.5,0.0
9,1,Michael Irvin,14.0,14.5,-0.5
9,1,Joanna Krupa,1.0,1.0,0.0
9,1,Kathy Ireland,12.5,12.5,0.0
9,1,Tom DeLay,12.5,12.5,0.0
9,1,Macy Gray,15.0,14.5,0.5
9,1,Aaron Carter,2.0,2.0,0.0
9,1,Mya,3.0,3.0,0.0
9,1,Donny Osmond,5.0,5.0,0.0
9,1,Kelly Osbourne,4.0,4.0,0.0
9,2,Ashley Hamiliton,10.0,15.0,-5.0
9,2,Debi Mazar,5.0,5.0,0.0
9,2,Melissa Joan Hart,12.5,10.5,2.0
9,2,Mark Dacascos,5.0,5.0,0.0
9,2,Chuck Liddell,12.5,10.5,2.0
9,2,Natalie Coughlin,5.0,5.0,0.0
9,2,Louie Vito,12.5,10.5,2.0
9,2,Michael Irvin,7.5,7.5,0.0
9,2,Joanna Krupa,7.5,7.5,0.0
9,2,Kathy Ireland,16.0,16.0,0.0
9,2,Tom DeLay,15.0,13.0,2.0
9,2,Macy Gray,9.0,14.0,-5.0
9,2,Aaron Carter,1.5,1.5,0.0
9,2,Mya,1.5,1.5,0.0
9,2,Donny Osmond,3.0,3.0,0.0
9,2,Kelly Osbourne,12.5,10.5,2.0
9,3,Ashley Hamiliton,12.5,14.5,-2.0
9,3,Debi Mazar,15.0,16.0,-1.0
9,3,Melissa Joan Hart,8.0,8.0,0.0
9,3,Mark Dacascos,9.0,9.0,0.0
9,3,Chuck Liddell,11.0,10.0,1.0
9,3,Natalie Coughlin,2.0,2.0,0.0
9,3,Louie Vito,6.5,6.5,0.0
9,3,Michael Irvin,16.0,12.0,4.0
9,3,Joanna Krupa,3.0,3.0,0.0
9,3,Kathy Ireland,12.5,14.5,-2.0
9,3,Tom DeLay,14.0,11.0,3.0
9,3,Macy Gray,10.0,13.0,-3.0
9,3,Aaron Carter,4.5,4.5,0.0
9,3,Mya,1.0,1.0,0.0
9,3,Donny Osmond,4.5,4.5,0.0
9,3,Kelly Osbourne,6.5,6.5,0.0
9,4,Ashley Hamiliton,9.5,13.0,-3.5
9,4,Debi Mazar,9.5,13.0,-3.5
9,4,Melissa Joan Hart,1.5,1.5,0.0
9,4,Mark Dacascos,9.5,7.0,2.5
9,4,Chuck Liddell,15.0,16.0,-1.0
9,4,Natalie Coughlin,4.5,4.5,0.0
9,4,Louie Vito,15.0,9.5,5.5
9,4,Michael Irvin,15.0,9.5,5.5
9,4,Joanna Krupa,3.0,3.0,0.0
9,4,Kathy Ireland,9.5,13.0,-3.5
9,4,Tom DeLay,9.5,13.0,-3.5
9,4,Macy Gray,9.5,13.0,-3.5
9,4,Aaron Carter,13.0,8.0,5.0
9,4,Mya,1.5,1.5,0.0
9,4,Donny Osmond,4.5,4.5,0.0
9,4,Kelly Osbourne,6.0,6.0,0.0
9,5,Ashley Hamiliton,7.0,11.5,-4.5
9,5,Debi Mazar,11.5,14.5,-3.0
9,5,Melissa Joan Hart,13.0,7.0,6.0
9,5,Mark Dacascos,3.0,3.0,0.0
9,5,Chuck Liddell,7.0,11.5,-4.5
9,5,Natalie Coughlin,15.0,16.0,-1.0
9,5,Louie Vito,14.0,8.0,6.0
9,5,Michael Irvin,16.0,9.0,7.0
9,5,Joanna Krupa,7.0,5.0,2.0
9,5,Kathy Ireland,7.0,11.5,-4.5
9,5,Tom DeLay,11.5,14.5,-3.0
9,5,Macy Gray,7.0,11.5,-4.5
9,5,Aaron Carter,7.0,5.0,2.0
9,5,Mya,2.0,2.0,0.0
9,5,Donny Osmond,1.0,1.0,0.0
9,5,Kelly Osbourne,7.0,5.0,2.0
9,6,Ashley Hamiliton,5.5,10.0,-4.5
9,6,Debi Mazar,10.5,13.5,-3.0
9,6,Melissa Joan Hart,15.5,16.0,-0.5
9,6,Mark Dacascos,5.5,4.0,1.5
9,6,Chuck Liddell,5.5,10.0,-4.5
9,6,Natalie Coughlin,10.5,13.5,-3.0
9,6,Louie Vito,14.0,7.0,7.0
9,6,Michael Irvin,15.5,8.0,7.5
9,6,Joanna Krupa,1.0,1.0,0.0
9,6,Kathy Ireland,10.5,13.5,-3.0
9,6,Tom DeLay,10.5,13.5,-3.0
9,6,Macy Gray,5.5,10.0,-4.5
9,6,Aaron Carter,3.0,3.0,0.0
9,6,Mya,2.0,2.0,0.0
9,6,Donny Osmond,8.0,5.0,3.0
9,6,Kelly Osbourne,13.0,6.0,7.0
10,2,Aiden Turner,8.0,7.0,1.0
10,2,Shannen Doherty,9.0,11.0,-2.0
10,2,Niecy Nash,5.0,5.0,0.0
10,2,Buzz Aldrin,6.0,10.0,-4.0
10,2,Chad Ochocinco,10.5,8.0,2.5
10,2,Evan Lysacek,2.0,2.0,0.0
10,2,Pamela Anderson,4.0,4.0,0.0
10,2,Nicole Scherzinger,1.0,1.0,0.0
10,2,Erin Andrews,3.0,3.0,0.0
10,2,Kate Gosselin,10.5,9.0,1.5
10,2,Jake Pavelka,7.0,6.0,1.0
10,3,Aiden Turner,8.5,7.5,1.0
10,3,Shannen Doherty,7.0,10.0,-3.0
10,3,Niecy Nash,5.0,5.0,0.0
10,3,Buzz Aldrin,11.0,11.0,0.0
10,3,Chad Ochocinco,8.5,7.5,1.0
10,3,Evan Lysacek,1.0,1.0,0.0
10,3,Pamela Anderson,5.0,5.0,0.0
10,3,Nicole Scherzinger,2.5,2.5,0.0
10,3,Erin Andrews,2.5,2.5,0.0
10,3,Kate Gosselin,10.0,9.0,1.0
10,3,Jake Pavelka,5.0,5.0,0.0
10,4,Aiden Turner,10.5,11.0,-0.5
10,4,Shannen Doherty,6.0,9.0,-3.0
10,4,Niecy Nash,9.0,7.0,2.0
10,4,Buzz Aldrin,8.0,10.0,-2.0
10,4,Chad Ochocinco,4.0,4.0,0.0
10,4,Evan Lysacek,1.0,1.0,0.0
10,4,Pamela Anderson,3.0,3.0,0.0
10,4,Nicole Scherzinger,2.0,2.0,0.0
10,4,Erin Andrews,5.0,5.0,0.0
10,4,Kate Gosselin,10.5,8.0,2.5
10,4,Jake Pavelka,7.0,6.0,1.0
10,5,Aiden Turner,8.0,8.0,0.0
10,5,Shannen Doherty,10.5,9.5,1.0
10,5,Niecy Nash,6.5,6.5,0.0
10,5,Buzz Aldrin,10.5,9.5,1.0
10,5,Chad Ochocinco,6.5,6.5,0.0
10,5,Evan Lysacek,2.0,2.0,0.0
10,5,Pamela Anderson,5.0,5.0,0.0
10,5,Nicole Scherzinger,1.0,1.0,0.0
10,5,Erin Andrews,4.0,4.0,0.0
10,5,Kate Gosselin,9.0,11.0,-2.0
10,5,Jake Pavelka,3.0,3.0,0.0
10,6,Aiden Turner,5.0,8.0,-3.0
10,6,Shannen Doherty,5.0,8.0,-3.0
10,6,Niecy Nash,10.0,6.0,4.0
10,6,Buzz Aldrin,5.0,8.0,-3.0
10,6,Chad Ochocinco,3.0,3.0,0.0
10,6,Evan Lysacek,9.0,5.0,4.0
10,6,Pamela Anderson,7.0,4.0,3.0
10,6,Nicole Scherzinger,1.0,1.0,0.0
10,6,Erin Andrews,2.0,2.0,0.0
10,6,Kate Gosselin,8.0,10.0,-2.0
10,6,Jake Pavelka,11.0,11.0,0.0
10,7,Aiden Turner,3.0,6.0,-3.0
10,7,Shannen Doherty,6.5,8.5,-2.0
10,7,Niecy Nash,11.0,5.0,6.0
10,7,Buzz Aldrin,4.5,7.0,-2.5
10,7,Chad Ochocinco,4.5,3.0,1.5
10,7,Evan Lysacek,1.5,1.5,0.0
10,7,Pamela Anderson,10.0,11.0,-1.0
10,7,Nicole Scherzinger,1.5,1.5,0.0
10,7,Erin Andrews,8.0,4.0,4.0
10,7,Kate Gosselin,9.0,10.0,-1.0
10,7,Jake Pavelka,6.5,8.5,-2.0
11,1,David Hasselhoff,12.0,12.0,0.0
11,1,Florence Henderson,7.5,7.5,0.0
11,1,Kyle Massey,2.5,2.5,0.0
11,1,Jennifer Grey,1.0,1.0,0.0
11,1,Rick Fox,4.0,4.0,0.0
11,1,Kurt Warner,5.5,5.5,0.0
11,1,Margaret Cho,10.5,10.5,0.0
11,1,Michael Bolton,9.0,9.0,0.0
11,1,Brandy,2.5,2.5,0.0
11,1,The Situation,10.5,10.5,0.0
11,1,Audrina Patridge,5.5,5.5,0.0
11,1,Bristol Palin,7.5,7.5,0.0
11,2,David Hasselhoff,6.5,11.0,-4.5
11,2,Florence Henderson,9.0,8.0,1.0
11,2,Kyle Massey,3.5,3.5,0.0
11,2,Jennifer Grey,1.0,1.0,0.0
11,2,Rick Fox,6.5,6.0,0.5
11,2,Kurt Warner,6.5,6.0,0.5
11,2,Margaret Cho,10.5,9.5,1.0
11,2,Michael Bolton,12.0,12.0,0.0
11,2,Brandy,6.5,6.0,0.5
11,2,The Situation,10.5,9.5,1.0
11,2,Audrina Patridge,2.0,2.0,0.0
11,2,Bristol Palin,3.5,3.5,0.0
11,3,David Hasselhoff,6.5,10.5,-4.0
11,3,Florence Henderson,9.5,7.5,2.0
11,3,Kyle Massey,6.5,5.5,1.0
11,3,Jennifer Grey,3.0,3.0,0.0
11,3,Rick Fox,3.0,3.0,0.0
11,3,Kurt Warner,6.5,5.5,1.0
11,3,Margaret Cho,12.0,12.0,0.0
11,3,Michael Bolton,6.5,10.5,-4.0
11,3,Brandy,3.0,3.0,0.0
11,3,The Situation,9.5,7.5,2.0
11,3,Audrina Patridge,1.0,1.0,0.0
11,3,Bristol Palin,11.0,9.0,2.0
11,4,David Hasselhoff,10.5,10.0,0.5
11,4,Florence Henderson,6.0,6.0,0.0
11,4,Kyle Massey,4.0,4.0,0.0
11,4,Jennifer Grey,1.0,1.0,0.0
11,4,Rick Fox,5.0,5.0,0.0
11,4,Kurt Warner,7.0,7.0,0.0
11,4,Margaret Cho,10.5,10.0,0.5
11,4,Michael Bolton,10.5,10.0,0.5
11,4,Brandy,2.0,2.0,0.0
11,4,The Situation,10.5,12.0,-1.5
11,4,Audrina Patridge,3.0,3.0,0.0
11,4,Bristol Palin,8.0,8.0,0.0
11,5,David Hasselhoff,6.5,9.5,-3.0
11,5,Florence Henderson,11.0,12.0,-1.0
11,5,Kyle Massey,10.0,6.0,4.0
11,5,Jennifer Grey,2.0,2.0,0.0
11,5,Rick Fox,3.5,3.5,0.0
11,5,Kurt Warner,3.5,3.5,0.0
11,5,Margaret Cho,6.5,9.5,-3.0
11,5,Michael Bolton,6.5,9.5,-3.0
11,5,Brandy,1.0,1.0,0.0
11,5,The Situation,6.5,9.5,-3.0
11,5,Audrina Patridge,9.0,5.0,4.0
11,5,Bristol Palin,12.0,7.0,5.0
11,6,David Hasselhoff,8.5,9.0,-0.5
11,6,Florence Henderson,8.5,9.0,-0.5
11,6,Kyle Massey,5.5,3.0,2.5
11,6,Jennifer Grey,11.0,4.0,7.0
11,6,Rick Fox,2.0,2.0,0.0
11,6,Kurt Warner,5.5,11.0,-5.5
11,6,Margaret Cho,3.5,6.5,-3.0
11,6,Michael Bolton,3.5,6.5,-3.0
11,6,Brandy,1.0,1.0,0.0
11,6,The Situation,8.5,9.0,-0.5
11,6,Audrina Patridge,8.5,12.0,-3.5
11,6,Bristol Palin,12.0,5.0,7.0
12,2,Ralph Macchio,4.0,4.0,0.0
12,2,Chelsea Kane,7.5,7.5,0.0
12,2,Kirstie Alley,5.0,5.0,0.0
12,2,Hines Ward,2.0,2.0,0.0
12,2,Sugar Ray Leonard,9.5,9.5,0.0
12,2,Chris Jericho,2.0,2.0,0.0
12,2,Petra Nemcova,7.5,7.5,0.0
12,2,Mike Catherwood,11.0,11.0,0.0
12,2,Romeo,2.0,2.0,0.0
12,2,Wendy Williams,9.5,9.5,0.0
12,2,Kendra Wilkinson,6.0,6.0,0.0
12,3,Ralph Macchio,7.0,6.0,1.0
12,3,Chelsea Kane,3.5,3.5,0.0
12,3,Kirstie Alley,7.0,6.0,1.0
12,3,Hines Ward,1.5,1.5,0.0
12,3,Sugar Ray Leonard,9.5,8.5,1.0
12,3,Chris Jericho,7.0,6.0,1.0
12,3,Petra Nemcova,1.5,1.5,0.0
12,3,Mike Catherwood,5.0,10.0,-5.0
12,3,Romeo,9.5,8.5,1.0
12,3,Wendy Williams,11.0,11.0,0.0
12,3,Kendra Wilkinson,3.5,3.5,0.0
12,4,Ralph Macchio,2.5,2.5,0.0
12,4,Chelsea Kane,1.0,1.0,0.0
12,4,Kirstie Alley,9.0,7.0,2.0
12,4,Hines Ward,2.5,2.5,0.0
12,4,Sugar Ray Leonard,10.5,11.0,-0.5
12,4,Chris Jericho,6.0,5.0,1.0
12,4,Petra Nemcova,6.0,5.0,1.0
12,4,Mike Catherwood,4.0,9.0,-5.0
12,4,Romeo,6.0,5.0,1.0
12,4,Wendy Williams,8.0,10.0,-2.0
12,4,Kendra Wilkinson,10.5,8.0,2.5
12,5,Ralph Macchio,9.5,6.5,3.0
12,5,Chelsea Kane,3.0,3.0,0.0
12,5,Kirstie Alley,8.0,5.0,3.0
12,5,Hines Ward,1.0,1.0,0.0
12,5,Sugar Ray Leonard,6.0,9.0,-3.0
12,5,Chris Jericho,3.0,3.0,0.0
12,5,Petra Nemcova,11.0,11.0,0.0
12,5,Mike Catherwood,6.0,9.0,-3.0
12,5,Romeo,3.0,3.0,0.0
12,5,Wendy Williams,6.0,9.0,-3.0
12,5,Kendra Wilkinson,9.5,6.5,3.0
12,6,Ralph Macchio,10.0,6.0,4.0
12,6,Chelsea Kane,1.5,1.5,0.0
12,6,Kirstie Alley,7.0,4.0,3.0
12,6,Hines Ward,3.0,3.0,0.0
12,6,Sugar Ray Leonard,8.0,10.0,-2.0
12,6,Chris Jericho,11.0,11.0,0.0
12,6,Petra Nemcova,5.0,8.0,-3.0
12,6,Mike Catherwood,5.0,8.0,-3.0
12,6,Romeo,1.5,1.5,0.0
12,6,Wendy Williams,5.0,8.0,-3.0
12,6,Kendra Wilkinson,9.0,5.0,4.0
12,7,Ralph Macchio,1.5,1.5,0.0
12,7,Chelsea Kane,4.0,3.0,1.0
12,7,Kirstie Alley,10.0,4.5,5.5
12,7,Hines Ward,1.5,1.5,0.0
12,7,Sugar Ray Leonard,3.0,6.0,-3.0
12,7,Chris Jericho,6.0,8.0,-2.0
12,7,Petra Nemcova,6.0,8.0,-2.0
12,7,Mike Catherwood,6.0,8.0,-2.0
12,7,Romeo,10.0,4.5,5.5
12,7,Wendy Williams,8.0,10.0,-2.0
12,7,Kendra Wilkinson,10.0,11.0,-1.0
13,1,Elisabetta Canalis,11.0,11.0,0.0
13,1,David Arquette,6.0,6.0,0.0
13,1,Ricki Lake,4.0,4.0,0.0
13,1,J.R. Martinez,1.5,1.5,0.0
13,1,Metta World Peace (Ron),12.0,12.0,0.0
13,1,Hope Solo,3.0,3.0,0.0
13,1,Chynna Phillips,1.5,1.5,0.0
13,1,Kristin Cavallari,5.0,5.0,0.0
13,1,Carson Kressley,7.5,7.5,0.0
13,1,Chaz Bono,7.5,7.5,0.0
13,1,Nancy Grace,9.5,9.5,0.0
13,1,Rob Kardashian,9.5,9.5,0.0
13,2,Elisabetta Canalis,9.0,12.0,-3.0
13,2,David Arquette,10.5,8.5,2.0
13,2,Ricki Lake,1.0,1.0,0.0
13,2,J.R. Martinez,2.5,2.5,0.0
13,2,Metta World Peace (Ron),7.0,11.0,-4.0
13,2,Hope Solo,8.0,7.0,1.0
13,2,Chynna Phillips,5.0,5.0,0.0
13,2,Kristin Cavallari,2.5,2.5,0.0
13,2,Carson Kressley,10.5,8.5,2.0
13,2,Chaz Bono,12.0,10.0,2.0
13,2,Nancy Grace,5.0,5.0,0.0
13,2,Rob Kardashian,5.0,5.0,0.0
13,3,Elisabetta Canalis,7.5,10.5,-3.0
13,3,David Arquette,5.0,5.0,0.0
13,3,Ricki Lake,1.0,1.0,0.0
13,3,J.R. Martinez,2.5,2.5,0.0
13,3,Metta World Peace (Ron),7.5,10.5,-3.0
13,3,Hope Solo,5.0,5.0,0.0
13,3,Chynna Phillips,2.5,2.5,0.0
13,3,Kristin Cavallari,10.0,12.0,-2.0
13,3,Carson Kressley,9.0,7.0,2.0
13,3,Chaz Bono,12.0,9.0,3.0
13,3,Nancy Grace,11.0,8.0,3.0
13,3,Rob Kardashian,5.0,5.0,0.0
13,4,Elisabetta Canalis,8.0,11.0,-3.0
13,4,David Arquette,7.0,5.0,2.0
13,4,Ricki Lake,1.0,1.0,0.0
13,4,J.R. Martinez,2.0,2.0,0.0
13,4,Metta World Peace (Ron),5.5,9.5,-4.0
13,4,Hope Solo,3.5,3.5,0.0
13,4,Chynna Phillips,11.0,12.0,-1.0
13,4,Kristin Cavallari,5.5,9.5,-4.0
13,4,Carson Kressley,12.0,8.0,4.0
13,4,Chaz Bono,9.5,6.5,3.0
13,4,Nancy Grace,9.5,6.5,3.0
13,4,Rob Kardashian,3.5,3.5,0.0
13,5,Elisabetta Canalis,6.5,9.5,-3.0
13,5,David Arquette,2.5,2.5,0.0
13,5,Ricki Lake,6.5,4.5,2.0
13,5,J.R. Martinez,1.0,1.0,0.0
13,5,Metta World Peace (Ron),6.5,9.5,-3.0
13,5,Hope Solo,6.5,4.5,2.0
13,5,Chynna Phillips,6.5,9.5,-3.0
13,5,Kristin Cavallari,6.5,9.5,-3.0
13,5,Carson Kressley,12.0,12.0,0.0
13,5,Chaz Bono,11.0,7.0,4.0
13,5,Nancy Grace,10.0,6.0,4.0
13,5,Rob Kardashian,2.5,2.5,0.0
13,6,Elisabetta Canalis,6.5,9.0,-2.5
13,6,David Arquette,6.5,4.0,2.5
13,6,Ricki Lake,1.5,1.5,0.0
13,6,J.R. Martinez,1.5,1.5,0.0
13,6,Metta World Peace (Ron),6.5,9.0,-2.5
13,6,Hope Solo,11.0,6.0,5.0
13,6,Chynna Phillips,6.5,9.0,-2.5
13,6,Kristin Cavallari,6.5,9.0,-2.5
13,6,Carson Kressley,6.5,9.0,-2.5
13,6,Chaz Bono,12.0,12.0,0.0
13,6,Nancy Grace,3.0,3.0,0.0
13,6,Rob Kardashian,10.0,5.0,5.0
13,7,Elisabetta Canalis,2.0,5.0,-3.0
13,7,David Arquette,12.0,12.0,0.0
13,7,Ricki Lake,1.0,1.0,0.0
13,7,J.R. Martinez,10.0,4.0,6.0
13,7,Metta World Peace (Ron),4.0,6.0,-2.0
13,7,Hope Solo,6.5,3.0,3.5
13,7,Chynna Phillips,11.0,11.0,0.0
13,7,Kristin Cavallari,6.5,7.5,-1.0
13,7,Carson Kressley,9.0,10.0,-1.0
13,7,Chaz Bono,6.5,7.5,-1.0
13,7,Nancy Grace,6.5,9.0,-2.5
13,7,Rob Kardashian,3.0,2.0,1.0
14,2,William Levy,3.5,3.5,0.0
14,2,Jack Wagner,8.5,8.5,0.0
14,2,Sherri Sheperd,6.0,6.0,0.0
14,2,Jaleel White,7.0,7.0,0.0
14,2,Roshon Fegan,1.5,1.5,0.0
14,2,Melissa Gilbert,10.0,10.0,0.0
14,2,Martina Navratilova,12.0,12.0,0.0
14,2,Donald Driver,5.0,5.0,0.0
14,2,Gavin DeGraw,8.5,8.5,0.0
14,2,Gladys Knight,11.0,11.0,0.0
14,2,Katherine Jenkins,1.5,1.5,0.0
14,2,Maria Menounos,3.5,3.5,0.0
14,3,William Levy,2.0,2.0,0.0
14,3,Jack Wagner,12.0,12.0,0.0
14,3,Sherri Sheperd,9.5,8.5,1.0
14,3,Jaleel White,5.5,5.5,0.0
14,3,Roshon Fegan,5.5,5.5,0.0
14,3,Melissa Gilbert,9.5,8.5,1.0
14,3,Martina Navratilova,7.0,11.0,-4.0
14,3,Donald Driver,4.0,4.0,0.0
14,3,Gavin DeGraw,9.5,8.5,1.0
14,3,Gladys Knight,9.5,8.5,1.0
14,3,Katherine Jenkins,1.0,1.0,0.0
14,3,Maria Menounos,3.0,3.0,0.0
14,4,William Levy,9.0,7.0,2.0
14,4,Jack Wagner,6.5,10.5,-4.0
14,4,Sherri Sheperd,11.5,12.0,-0.5
14,4,Jaleel White,9.0,7.0,2.0
14,4,Roshon Fegan,2.5,2.5,0.0
14,4,Melissa Gilbert,9.0,7.0,2.0
14,4,Martina Navratilova,6.5,10.5,-4.0
14,4,Donald Driver,1.0,1.0,0.0
14,4,Gavin DeGraw,5.0,5.0,0.0
14,4,Gladys Knight,11.5,9.0,2.5
14,4,Katherine Jenkins,4.0,4.0,0.0
14,4,Maria Menounos,2.5,2.5,0.0
14,5,William Levy,1.5,1.5,0.0
14,5,Jack Wagner,12.0,11.0,1.0
14,5,Sherri Sheperd,9.5,9.5,0.0
14,5,Jaleel White,6.0,6.0,0.0
14,5,Roshon Fegan,5.0,5.0,0.0
14,5,Melissa Gilbert,8.0,8.0,0.0
14,5,Martina Navratilova,9.5,9.5,0.0
14,5,Donald Driver,3.5,3.5,0.0
14,5,Gavin DeGraw,11.0,12.0,-1.0
14,5,Gladys Knight,7.0,7.0,0.0
14,5,Katherine Jenkins,1.5,1.5,0.0
14,5,Maria Menounos,3.5,3.5,0.0
14,6,William Levy,3.0,3.0,0.0
14,6,Jack Wagner,8.0,10.0,-2.0
14,6,Sherri Sheperd,5.0,8.0,-3.0
14,6,Jaleel White,2.0,2.0,0.0
14,6,Roshon Fegan,11.0,7.0,4.0
14,6,Melissa Gilbert,6.0,5.0,1.0
14,6,Martina Navratilova,8.0,10.0,-2.0
14,6,Donald Driver,4.0,4.0,0.0
14,6,Gavin DeGraw,8.0,10.0,-2.0
14,6,Gladys Knight,12.0,12.0,0.0
14,6,Katherine Jenkins,1.0,1.0,0.0
14,6,Maria Menounos,10.0,6.0,4.0
14,7,William Levy,3.5,3.5,0.0
14,7,Jack Wagner,6.5,8.5,-2.0
14,7,Sherri Sheperd,9.5,11.0,-1.5
14,7,Jaleel White,11.5,12.0,-0.5
14,7,Roshon Fegan,9.5,5.0,4.5
14,7,Melissa Gilbert,11.5,6.0,5.5
14,7,Martina Navratilova,6.5,8.5,-2.0
14,7,Donald Driver,3.5,3.5,0.0
14,7,Gavin DeGraw,6.5,8.5,-2.0
14,7,Gladys Knight,6.5,8.5,-2.0
14,7,Katherine Jenkins,2.0,2.0,0.0
14,7,Maria Menounos,1.0,1.0,0.0
15,1,Gilles Marini,2.0,2.0,0.0
15,1,Sabrina Bryan,3.0,3.0,0.0
15,1,Kirstie Alley,12.0,12.0,0.0
15,1,Kelly Monaco,7.0,7.0,0.0
15,1,Apolo Anton Ohno,4.5,4.5,0.0
15,1,Emmitt Smith,1.0,1.0,0.0
15,1,Shawn Johnson,4.5,4.5,0.0
15,1,Pamela Anderson,13.0,13.0,0.0
15,1,Helio Castroneves,7.0,7.0,0.0
15,1,Joey Fatone,10.0,10.0,0.0
15,1,Drew Lachey,7.0,7.0,0.0
15,1,Bristol Palin,11.0,11.0,0.0
15,1,Melissa Rycroft,9.0,9.0,0.0
15,2,Gilles Marini,2.0,2.0,0.0
15,2,Sabrina Bryan,1.0,1.0,0.0
15,2,Kirstie Alley,12.0,10.0,2.0
15,2,Kelly Monaco,10.0,9.0,1.0
15,2,Apolo Anton Ohno,4.0,4.0,0.0
15,2,Emmitt Smith,8.0,7.0,1.0
15,2,Shawn Johnson,3.0,3.0,0.0
15,2,Pamela Anderson,7.0,12.0,-5.0
15,2,Helio Castroneves,6.0,6.0,0.0
15,2,Joey Fatone,11.0,13.0,-2.0
15,2,Drew Lachey,9.0,8.0,1.0
15,2,Bristol Palin,13.0,11.0,2.0
15,2,Melissa Rycroft,5.0,5.0,0.0
15,3,Gilles Marini,5.0,5.0,0.0
15,3,Sabrina Bryan,5.0,5.0,0.0
15,3,Kirstie Alley,11.5,8.5,3.0
15,3,Kelly Monaco,1.0,1.0,0.0
15,3,Apolo Anton Ohno,5.0,5.0,0.0
15,3,Emmitt Smith,9.0,7.0,2.0
15,3,Shawn Johnson,3.0,3.0,0.0
15,3,Pamela Anderson,7.5,11.5,-4.0
15,3,Helio Castroneves,10.0,13.0,-3.0
15,3,Joey Fatone,7.5,11.5,-4.0
15,3,Drew Lachey,11.5,8.5,3.0
15,3,Bristol Palin,13.0,10.0,3.0
15,3,Melissa Rycroft,2.0,2.0,0.0
15,4,Gilles Marini,1.5,1.5,0.0
15,4,Sabrina Bryan,10.0,6.0,4.0
15,4,Kirstie Alley,12.5,8.0,4.5
15,4,Kelly Monaco,3.0,3.0,0.0
15,4,Apolo Anton Ohno,11.0,7.0,4.0
15,4,Emmitt Smith,7.0,5.0,2.0
15,4,Shawn Johnson,1.5,1.5,0.0
15,4,Pamela Anderson,7.0,10.5,-3.5
15,4,Helio Castroneves,7.0,10.5,-3.5
15,4,Joey Fatone,7.0,10.5,-3.5
15,4,Drew Lachey,7.0,10.5,-3.5
15,4,Bristol Palin,12.5,13.0,-0.5
15,4,Melissa Rycroft,4.0,4.0,0.0
15,6,Gilles Marini,9.0,4.5,4.5
15,6,Sabrina Bryan,6.0,13.0,-7.0
15,6,Kirstie Alley,9.0,4.5,4.5
15,6,Kelly Monaco,12.0,6.0,6.0
15,6,Apolo Anton Ohno,1.0,1.0,0.0
15,6,Emmitt Smith,13.0,7.0,6.0
15,6,Shawn Johnson,3.0,3.0,0.0
15,6,Pamela Anderson,9.0,11.0,-2.0
15,6,Helio Castroneves,9.0,11.0,-2.0
15,6,Joey Fatone,4.5,8.5,-4.0
15,6,Drew Lachey,4.5,8.5,-4.0
15,6,Bristol Palin,9.0,11.0,-2.0
15,6,Melissa Rycroft,2.0,2.0,0.0
15,8,Gilles Marini,8.0,13.0,-5.0
15,8,Sabrina Bryan,10.0,11.5,-1.5
15,8,Kirstie Alley,12.0,8.0,4.0
15,8,Kelly Monaco,10.0,4.0,6.0
15,8,Apolo Anton Ohno,2.0,2.0,0.0
15,8,Emmitt Smith,5.0,3.0,2.0
15,8,Shawn Johnson,13.0,5.0,8.0
15,8,Pamela Anderson,5.0,8.0,-3.0
15,8,Helio Castroneves,5.0,8.0,-3.0
15,8,Joey Fatone,10.0,11.5,-1.5
15,8,Drew Lachey,5.0,8.0,-3.0
15,8,Bristol Palin,5.0,8.0,-3.0
15,8,Melissa Rycroft,1.0,1.0,0.0
16,3,Ingo Rademacher,8.0,7.0,1.0
16,3,Zendaya,1.5,1.5,0.0
16,3,Dorothy Hamill,6.0,11.0,-5.0
16,3,Victor Ortiz,4.5,4.5,0.0
16,3,Alexandra Raisman,4.5,4.5,0.0
16,3,Jacoby Jones,1.5,1.5,0.0
16,3,D. L. Hughley,11.0,10.0,1.0
16,3,Andy Dick,10.0,9.0,1.0
16,3,Wynonna Judd,12.0,12.0,0.0
16,3,Kellie Pickler,3.0,3.0,0.0
16,3,Lisa Vanderpump,8.0,7.0,1.0
16,3,Sean Lowe,8.0,7.0,1.0
16,4,Ingo Rademacher,5.0,5.0,0.0
16,4,Zendaya,2.5,2.5,0.0
16,4,Dorothy Hamill,6.5,10.5,-4.0
16,4,Victor Ortiz,11.0,9.0,2.0
16,4,Alexandra Raisman,1.0,1.0,0.0
16,4,Jacoby Jones,4.0,4.0,0.0
16,4,D. L. Hughley,8.5,6.5,2.0
16,4,Andy Dick,8.5,6.5,2.0
16,4,Wynonna Judd,6.5,10.5,-4.0
16,4,Kellie Pickler,2.5,2.5,0.0
16,4,Lisa Vanderpump,12.0,12.0,0.0
16,4,Sean Lowe,10.0,8.0,2.0
16,5,Ingo Rademacher,6.5,6.5,0.0
16,5,Zendaya,1.0,1.0,0.0
16,5,Dorothy Hamill,10.0,10.0,0.0
16,5,Victor Ortiz,6.5,6.5,0.0
16,5,Alexandra Raisman,4.0,4.0,0.0
16,5,Jacoby Jones,3.0,3.0,0.0
16,5,D. L. Hughley,12.0,12.0,0.0
16,5,Andy Dick,8.0,8.0,0.0
16,5,Wynonna Judd,10.0,10.0,0.0
16,5,Kellie Pickler,2.0,2.0,0.0
16,5,Lisa Vanderpump,10.0,10.0,0.0
16,5,Sean Lowe,5.0,5.0,0.0
16,6,Ingo Rademacher,6.5,4.5,2.0
16,6,Zendaya,3.0,3.0,0.0
16,6,Dorothy Hamill,6.5,9.5,-3.0
16,6,Victor Ortiz,12.0,12.0,0.0
16,6,Alexandra Raisman,2.0,2.0,0.0
16,6,Jacoby Jones,10.0,6.0,4.0
16,6,D. L. Hughley,6.5,9.5,-3.0
16,6,Andy Dick,11.0,7.0,4.0
16,6,Wynonna Judd,6.5,9.5,-3.0
16,6,Kellie Pickler,1.0,1.0,0.0
16,6,Lisa Vanderpump,6.5,9.5,-3.0
16,6,Sean Lowe,6.5,4.5,2.0
16,7,Ingo Rademacher,7.5,5.0,2.5
16,7,Zendaya,2.0,2.0,0.0
16,7,Dorothy Hamill,7.5,9.0,-1.5
16,7,Victor Ortiz,7.5,9.0,-1.5
16,7,Alexandra Raisman,1.0,1.0,0.0
16,7,Jacoby Jones,4.0,4.0,0.0
16,7,D. L. Hughley,7.5,9.0,-1.5
16,7,Andy Dick,12.0,12.0,0.0
16,7,Wynonna Judd,7.5,9.0,-1.5
16,7,Kellie Pickler,3.0,3.0,0.0
16,7,Lisa Vanderpump,7.5,9.0,-1.5
16,7,Sean Lowe,11.0,6.0,5.0
16,8,Ingo Rademacher,11.0,5.0,6.0
16,8,Zendaya,1.0,1.0,0.0
16,8,Dorothy Hamill,3.5,6.5,-3.0
16,8,Victor Ortiz,3.5,6.5,-3.0
16,8,Alexandra Raisman,2.0,2.0,0.0
16,8,Jacoby Jones,8.0,4.0,4.0
16,8,D. L. Hughley,6.5,8.5,-2.0
16,8,Andy Dick,9.5,10.5,-1.0
16,8,Wynonna Judd,9.5,10.5,-1.0
16,8,Kellie Pickler,5.0,3.0,2.0
16,8,Lisa Vanderpump,6.5,8.5,-2.0
16,8,Sean Lowe,12.0,12.0,0.0
17,2,Valerie Harper,10.0,10.0,0.0
17,2,Brant Daugherty,7.0,7.0,0.0
17,2,Elizabeth Berkley Lauren,2.5,2.5,0.0
17,2,Leah Remini,5.0,5.0,0.0
17,2,Corbin Bleu,1.0,1.0,0.0
17,2,Amber Riley,5.0,5.0,0.0
17,2,Keyshawn Johnson,12.0,12.0,0.0
17,2,Bill Engvall,8.0,8.0,0.0
17,2,Christina Milian,2.5,2.5,0.0
17,2,"Nicole ""Snooki"" Polizzi",9.0,9.0,0.0
17,2,Jack Osbourne,5.0,5.0,0.0
17,2,Bill Nye,11.0,11.0,0.0
17,3,Valerie Harper,11.0,10.0,1.0
17,3,Brant Daugherty,1.0,1.0,0.0
17,3,Elizabeth Berkley Lauren,4.5,4.5,0.0
17,3,Leah Remini,8.0,7.0,1.0
17,3,Corbin Bleu,2.5,2.5,0.0
17,3,Amber Riley,8.0,7.0,1.0
17,3,Keyshawn Johnson,6.0,11.0,-5.0
17,3,Bill Engvall,8.0,7.0,1.0
17,3,Christina Milian,2.5,2.5,0.0
17,3,"Nicole ""Snooki"" Polizzi",4.5,4.5,0.0
17,3,Jack Osbourne,10.0,9.0,1.0
17,3,Bill Nye,12.0,12.0,0.0
17,4,Valerie Harper,12.0,12.0,0.0
17,4,Brant Daugherty,10.5,8.5,2.0
17,4,Elizabeth Berkley Lauren,2.0,2.0,0.0
17,4,Leah Remini,5.5,5.5,0.0
17,4,Corbin Bleu,2.0,2.0,0.0
17,4,Amber Riley,2.0,2.0,0.0
17,4,Keyshawn Johnson,8.5,10.5,-2.0
17,4,Bill Engvall,10.5,8.5,2.0
17,4,Christina Milian,5.5,5.5,0.0
17,4,"Nicole ""Snooki"" Polizzi",5.5,5.5,0.0
17,4,Jack Osbourne,5.5,5.5,0.0
17,4,Bill Nye,8.5,10.5,-2.0
17,5,Valerie Harper,6.0,10.0,-4.0
17,5,Brant Daugherty,3.0,3.0,0.0
17,5,Elizabeth Berkley Lauren,9.5,5.5,4.0
17,5,Leah Remini,12.0,8.0,4.0
17,5,Corbin Bleu,1.0,1.0,0.0
17,5,Amber Riley,9.5,5.5,4.0
17,5,Keyshawn Johnson,6.0,10.0,-4.0
17,5,Bill Engvall,11.0,7.0,4.0
17,5,Christina Milian,8.0,12.0,-4.0
17,5,"Nicole ""Snooki"" Polizzi",3.0,3.0,0.0
17,5,Jack Osbourne,3.0,3.0,0.0
17,5,Bill Nye,6.0,10.0,-4.0
17,7,Valerie Harper,6.0,9.0,-3.0
17,7,Brant Daugherty,3.5,3.5,0.0
17,7,Elizabeth Berkley Lauren,8.5,5.0,3.5
17,7,Leah Remini,10.0,6.0,4.0
17,7,Corbin Bleu,1.5,1.5,0.0
17,7,Amber Riley,1.5,1.5,0.0
17,7,Keyshawn Johnson,8.5,11.0,-2.5
17,7,Bill Engvall,12.0,7.0,5.0
17,7,Christina Milian,6.0,9.0,-3.0
17,7,"Nicole ""Snooki"" Polizzi",11.0,12.0,-1.0
17,7,Jack Osbourne,3.5,3.5,0.0
17,7,Bill Nye,6.0,9.0,-3.0
17,8,Valerie Harper,3.5,7.5,-4.0
17,8,Brant Daugherty,11.0,12.0,-1.0
17,8,Elizabeth Berkley Lauren,10.0,5.0,5.0
17,8,Leah Remini,5.5,3.5,2.0
17,8,Corbin Bleu,1.5,1.5,0.0
17,8,Amber Riley,5.5,3.5,2.0
17,8,Keyshawn Johnson,7.0,9.0,-2.0
17,8,Bill Engvall,12.0,6.0,6.0
17,8,Christina Milian,8.0,10.0,-2.0
17,8,"Nicole ""Snooki"" Polizzi",9.0,11.0,-2.0
17,8,Jack Osbourne,1.5,1.5,0.0
17,8,Bill Nye,3.5,7.5,-4.0
18,2,Billy Dee Williams,12.0,10.0,2.0
18,2,Danica McKellar,4.5,4.5,0.0
18,2,James Maslow,2.0,2.0,0.0
18,2,Candace Cameron Bure,9.0,8.0,1.0
18,2,Sean Avery,11.0,12.0,-1.0
18,2,Diana Nyad,6.5,11.0,-4.5
18,2,Charlie White,2.0,2.0,0.0
18,2,Amy Purdy,4.5,4.5,0.0
18,2,Meryl Davis,2.0,2.0,0.0
18,2,Drew Carey,9.0,8.0,1.0
18,2,Cody Simpson,6.5,6.0,0.5
18,2,NeNe Leakes,9.0,8.0,1.0
18,5,Billy Dee Williams,6.0,10.0,-4.0
18,5,Danica McKellar,2.0,2.0,0.0
18,5,James Maslow,1.0,1.0,0.0
18,5,Candace Cameron Bure,10.0,7.0,3.0
18,5,Sean Avery,6.0,10.0,-4.0
18,5,Diana Nyad,6.0,10.0,-4.0
18,5,Charlie White,3.5,3.5,0.0
18,5,Amy Purdy,3.5,3.5,0.0
18,5,Meryl Davis,8.5,5.5,3.0
18,5,Drew Carey,11.5,8.0,3.5
18,5,Cody Simpson,11.5,12.0,-0.5
18,5,NeNe Leakes,8.5,5.5,3.0
18,6,Billy Dee Williams,6.5,9.5,-3.0
18,6,Danica McKellar,3.5,3.5,0.0
18,6,James Maslow,9.0,5.0,4.0
18,6,Candace Cameron Bure,11.0,7.0,4.0
18,6,Sean Avery,6.5,9.5,-3.0
18,6,Diana Nyad,6.5,9.5,-3.0
18,6,Charlie White,3.5,3.5,0.0
18,6,Amy Purdy,2.0,2.0,0.0
18,6,Meryl Davis,1.0,1.0,0.0
18,6,Drew Carey,12.0,12.0,0.0
18,6,Cody Simpson,6.5,9.5,-3.0
18,6,NeNe Leakes,10.0,6.0,4.0
18,7,Billy Dee Williams,6.5,9.0,-2.5
18,7,Danica McKellar,6.5,4.0,2.5
18,7,James Maslow,11.0,6.0,5.0
18,7,Candace Cameron Bure,3.0,3.0,0.0
18,7,Sean Avery,6.5,9.0,-2.5
18,7,Diana Nyad,6.5,9.0,-2.5
18,7,Charlie White,10.0,5.0,5.0
18,7,Amy Purdy,2.0,2.0,0.0
18,7,Meryl Davis,1.0,1.0,0.0
18,7,Drew Carey,6.5,9.0,-2.5
18,7,Cody Simpson,6.5,9.0,-2.5
18,7,NeNe Leakes,12.0,12.0,0.0
19,1,Antonio Sabato Jr.,10.5,10.5,0.0
19,1,Jonathan Bennett,6.0,6.0,0.0
19,1,Lea Thompson,3.5,3.5,0.0
19,1,Janel Parrish,7.5,7.5,0.0
19,1,Alfonso Ribeiro,1.0,1.0,0.0
19,1,Lolo Jones,12.5,13.0,-0.5
19,1,Randy Couture,5.0,5.0,0.0
19,1,Tommy Chong,9.0,9.0,0.0
19,1,Betsey Johnson,12.5,12.0,0.5
19,1,Michael Waltrip,10.5,10.5,0.0
19,1,Tavis Smiley,7.5,7.5,0.0
19,1,Bethany Mota,3.5,3.5,0.0
19,1,Sadie Robertson,2.0,2.0,0.0
19,2,Antonio Sabato Jr.,5.5,5.5,0.0
19,2,Jonathan Bennett,8.0,7.0,1.0
19,2,Lea Thompson,1.0,1.0,0.0
19,2,Janel Parrish,2.0,2.0,0.0
19,2,Alfonso Ribeiro,4.0,4.0,0.0
19,2,Lolo Jones,7.0,12.0,-5.0
19,2,Randy Couture,10.0,9.0,1.0
19,2,Tommy Chong,10.0,9.0,1.0
19,2,Betsey Johnson,10.0,9.0,1.0
19,2,Michael Waltrip,13.0,11.0,2.0
19,2,Tavis Smiley,12.0,13.0,-1.0
19,2,Bethany Mota,3.0,3.0,0.0
19,2,Sadie Robertson,5.5,5.5,0.0
19,3,Antonio Sabato Jr.,10.5,8.5,2.0
19,3,Jonathan Bennett,5.0,5.0,0.0
19,3,Lea Thompson,8.0,7.0,1.0
19,3,Janel Parrish,1.5,1.5,0.0
19,3,Alfonso Ribeiro,5.0,5.0,0.0
19,3,Lolo Jones,8.0,11.5,-3.5
19,3,Randy Couture,13.0,13.0,0.0
19,3,Tommy Chong,3.0,3.0,0.0
19,3,Betsey Johnson,10.5,8.5,2.0
19,3,Michael Waltrip,12.0,10.0,2.0
19,3,Tavis Smiley,8.0,11.5,-3.5
19,3,Bethany Mota,1.5,1.5,0.0
19,3,Sadie Robertson,5.0,5.0,0.0
19,4,Antonio Sabato Jr.,9.0,6.0,3.0
19,4,Jonathan Bennett,13.0,9.0,4.0
19,4,Lea Thompson,2.0,2.0,0.0
19,4,Janel Parrish,4.0,4.0,0.0
19,4,Alfonso Ribeiro,1.0,1.0,0.0
19,4,Lolo Jones,7.0,11.0,-4.0
19,4,Randy Couture,7.0,11.0,-4.0
19,4,Tommy Chong,10.0,7.0,3.0
19,4,Betsey Johnson,11.0,13.0,-2.0
19,4,Michael Waltrip,12.0,8.0,4.0
19,4,Tavis Smiley,7.0,11.0,-4.0
19,4,Bethany Mota,5.0,5.0,0.0
19,4,Sadie Robertson,3.0,3.0,0.0
19,6,Antonio Sabato Jr.,12.5,7.5,5.0
19,6,Jonathan Bennett,11.0,13.0,-2.0
19,6,Lea Thompson,9.0,5.0,4.0
19,6,Janel Parrish,4.0,4.0,0.0
19,6,Alfonso Ribeiro,1.0,1.0,0.0
19,6,Lolo Jones,6.5,10.5,-4.0
19,6,Randy Couture,6.5,10.5,-4.0
19,6,Tommy Chong,12.5,7.5,5.0
19,6,Betsey Johnson,6.5,10.5,-4.0
19,6,Michael Waltrip,10.0,6.0,4.0
19,6,Tavis Smiley,6.5,10.5,-4.0
19,6,Bethany Mota,2.0,2.0,0.0
19,6,Sadie Robertson,3.0,3.0,0.0
19,7,Antonio Sabato Jr.,12.5,13.0,-0.5
19,7,Jonathan Bennett,9.5,11.5,-2.0
19,7,Lea Thompson,2.0,2.0,0.0
19,7,Janel Parrish,5.5,4.0,1.5
19,7,Alfonso Ribeiro,3.0,3.0,0.0
19,7,Lolo Jones,5.5,9.0,-3.5
19,7,Randy Couture,5.5,9.0,-3.5
19,7,Tommy Chong,11.0,6.0,5.0
19,7,Betsey Johnson,9.5,11.5,-2.0
19,7,Michael Waltrip,12.5,7.0,5.5
19,7,Tavis Smiley,5.5,9.0,-3.5
19,7,Bethany Mota,1.0,1.0,0.0
19,7,Sadie Robertson,8.0,5.0,3.0
19,8,Antonio Sabato Jr.,3.0,7.0,-4.0
19,8,Jonathan Bennett,8.0,10.0,-2.0
19,8,Lea Thompson,11.0,5.0,6.0
19,8,Janel Parrish,1.0,1.0,0.0
19,8,Alfonso Ribeiro,2.0,2.0,0.0
19,8,Lolo Jones,8.0,10.0,-2.0
19,8,Randy Couture,8.0,10.0,-2.0
19,8,Tommy Chong,12.0,6.0,6.0
19,8,Betsey Johnson,8.0,10.0,-2.0
19,8,Michael Waltrip,13.0,13.0,0.0
19,8,Tavis Smiley,8.0,10.0,-2.0
19,8,Bethany Mota,4.0,3.0,1.0
19,8,Sadie Robertson,5.0,4.0,1.0
20,2,Suzanne Somers,7.5,6.5,1.0
20,2,Willow Shields,3.0,3.0,0.0
20,2,Riker Lynch,3.0,3.0,0.0
20,2,Rumer Willis,3.0,3.0,0.0
20,2,Nastia Liukin,1.0,1.0,0.0
20,2,Michael Sam,7.5,6.5,1.0
20,2,Robert Herjavec,7.5,6.5,1.0
20,2,Charlotte McKinney,12.0,11.0,1.0
20,2,Noah Galloway,11.0,9.0,2.0
20,2,Redfoo,10.0,12.0,-2.0
20,2,Patti LaBelle,7.5,6.5,1.0
20,2,Chris Soules,5.0,10.0,-5.0
20,3,Suzanne Somers,9.0,8.0,1.0
20,3,Willow Shields,4.0,4.0,0.0
20,3,Riker Lynch,1.5,1.5,0.0
20,3,Rumer Willis,3.0,3.0,0.0
20,3,Nastia Liukin,1.5,1.5,0.0
20,3,Michael Sam,10.0,9.0,1.0
20,3,Robert Herjavec,6.5,6.0,0.5
20,3,Charlotte McKinney,12.0,12.0,0.0
20,3,Noah Galloway,5.0,5.0,0.0
20,3,Redfoo,6.5,11.0,-4.5
20,3,Patti LaBelle,11.0,10.0,1.0
20,3,Chris Soules,8.0,7.0,1.0
20,4,Suzanne Somers,10.0,8.0,2.0
20,4,Willow Shields,1.0,1.0,0.0
20,4,Riker Lynch,4.5,4.5,0.0
20,4,Rumer Willis,3.0,3.0,0.0
20,4,Nastia Liukin,2.0,2.0,0.0
20,4,Michael Sam,11.0,12.0,-1.0
20,4,Robert Herjavec,4.5,4.5,0.0
20,4,Charlotte McKinney,6.0,10.0,-4.0
20,4,Noah Galloway,8.0,6.0,2.0
20,4,Redfoo,7.0,11.0,-4.0
20,4,Patti LaBelle,9.0,7.0,2.0
20,4,Chris Soules,12.0,9.0,3.0
20,5,Suzanne Somers,11.0,12.0,-1.0
20,5,Willow Shields,4.0,4.0,0.0
20,5,Riker Lynch,2.5,2.5,0.0
20,5,Rumer Willis,1.0,1.0,0.0
20,5,Nastia Liukin,2.5,2.5,0.0
20,5,Michael Sam,5.5,9.5,-4.0
20,5,Robert Herjavec,12.0,8.0,4.0
20,5,Charlotte McKinney,8.0,11.0,-3.0
20,5,Noah Galloway,7.0,5.0,2.0
20,5,Redfoo,5.5,9.5,-4.0
20,5,Patti LaBelle,9.5,6.5,3.0
20,5,Chris Soules,9.5,6.5,3.0
20,6,Suzanne Somers,6.5,9.5,-3.0
20,6,Willow Shields,3.0,3.0,0.0
20,6,Riker Lynch,1.0,1.0,0.0
20,6,Rumer Willis,4.0,4.0,0.0
20,6,Nastia Liukin,2.0,2.0,0.0
20,6,Michael Sam,6.5,9.5,-3.0
20,6,Robert Herjavec,12.0,7.0,5.0
20,6,Charlotte McKinney,6.5,9.5,-3.0
20,6,Noah Galloway,10.0,6.0,4.0
20,6,Redfoo,6.5,9.5,-3.0
20,6,Patti LaBelle,11.0,12.0,-1.0
20,6,Chris Soules,9.0,5.0,4.0
20,7,Suzanne Somers,4.5,8.5,-4.0
20,7,Willow Shields,9.0,12.0,-3.0
20,7,Riker Lynch,7.5,3.5,4.0
20,7,Rumer Willis,7.5,3.5,4.0
20,7,Nastia Liukin,1.0,1.0,0.0
20,7,Michael Sam,4.5,8.5,-4.0
20,7,Robert Herjavec,11.5,5.5,6.0
20,7,Charlotte McKinney,10.0,11.0,-1.0
20,7,Noah Galloway,2.0,2.0,0.0
20,7,Redfoo,4.5,8.5,-4.0
20,7,Patti LaBelle,4.5,8.5,-4.0
20,7,Chris Soules,11.5,5.5,6.0
20,8,Suzanne Somers,6.5,8.5,-2.0
20,8,Willow Shields,6.5,8.5,-2.0
20,8,Riker Lynch,2.0,2.0,0.0
20,8,Rumer Willis,1.0,1.0,0.0
20,8,Nastia Liukin,4.0,3.0,1.0
20,8,Michael Sam,6.5,8.5,-2.0
20,8,Robert Herjavec,12.0,12.0,0.0
20,8,Charlotte McKinney,10.0,11.0,-1.0
20,8,Noah Galloway,11.0,5.0,6.0
20,8,Redfoo,6.5,8.5,-2.0
20,8,Patti LaBelle,3.0,6.0,-3.0
20,8,Chris Soules,9.0,4.0,5.0
21,2,Gary Busey,13.0,11.5,1.5
21,2,Alexa PenaVega,3.0,3.0,0.0
21,2,Carlos PenaVega,5.5,5.5,0.0
21,2,Victor Espinoza,12.0,13.0,-1.0
21,2,Alek Skarlatos,5.5,5.5,0.0
21,2,Chaka Khan,11.0,11.5,-0.5
21,2,Andy Grammer,8.0,8.0,0.0
21,2,Tamar Braxton,1.0,1.0,0.0
21,2,Nick Carter,5.5,5.5,0.0
21,2,Hayes Grier,5.5,5.5,0.0
21,2,Bindi Irwin,2.0,2.0,0.0
21,2,Kim Zolciak-Biermann,9.5,9.5,0.0
21,2,Paula Deen,9.5,9.5,0.0
21,4,Gary Busey,11.0,13.0,-2.0
21,4,Alexa PenaVega,8.0,8.0,0.0
21,4,Carlos PenaVega,5.0,5.0,0.0
21,4,Victor Espinoza,10.0,10.0,0.0
21,4,Alek Skarlatos,6.0,6.0,0.0
21,4,Chaka Khan,12.5,11.5,1.0
21,4,Andy Grammer,7.0,7.0,0.0
21,4,Tamar Braxton,3.0,3.0,0.0
21,4,Nick Carter,3.0,3.0,0.0
21,4,Hayes Grier,3.0,3.0,0.0
21,4,Bindi Irwin,1.0,1.0,0.0
21,4,Kim Zolciak-Biermann,12.5,11.5,1.0
21,4,Paula Deen,9.0,9.0,0.0
21,6,Gary Busey,11.0,10.5,0.5
21,6,Alexa PenaVega,7.5,7.5,0.0
21,6,Carlos PenaVega,5.0,5.0,0.0
21,6,Victor Espinoza,11.0,10.5,0.5
21,6,Alek Skarlatos,7.5,7.5,0.0
21,6,Chaka Khan,11.0,10.5,0.5
21,6,Andy Grammer,2.0,2.0,0.0
21,6,Tamar Braxton,2.0,2.0,0.0
21,6,Nick Carter,4.0,4.0,0.0
21,6,Hayes Grier,6.0,6.0,0.0
21,6,Bindi Irwin,2.0,2.0,0.0
21,6,Kim Zolciak-Biermann,11.0,10.5,0.5
21,6,Paula Deen,11.0,13.0,-2.0
21,7,Gary Busey,5.5,9.5,-4.0
21,7,Alexa PenaVega,8.0,4.0,4.0
21,7,Carlos PenaVega,2.5,2.5,0.0
21,7,Victor Espinoza,5.5,9.5,-4.0
21,7,Alek Skarlatos,13.0,7.0,6.0
21,7,Chaka Khan,9.5,12.0,-2.5
21,7,Andy Grammer,2.5,2.5,0.0
21,7,Tamar Braxton,12.0,6.0,6.0
21,7,Nick Carter,11.0,5.0,6.0
21,7,Hayes Grier,9.5,13.0,-3.5
21,7,Bindi Irwin,1.0,1.0,0.0
21,7,Kim Zolciak-Biermann,5.5,9.5,-4.0
21,7,Paula Deen,5.5,9.5,-4.0
21,8,Gary Busey,10.0,11.5,-1.5
21,8,Alexa PenaVega,10.0,5.0,5.0
21,8,Carlos PenaVega,2.0,2.0,0.0
21,8,Victor Espinoza,5.5,8.5,-3.0
21,8,Alek Skarlatos,12.0,6.0,6.0
21,8,Chaka Khan,5.5,8.5,-3.0
21,8,Andy Grammer,13.0,13.0,0.0
21,8,Tamar Braxton,5.5,3.5,2.0
21,8,Nick Carter,1.0,1.0,0.0
21,8,Hayes Grier,5.5,8.5,-3.0
21,8,Bindi Irwin,5.5,3.5,2.0
21,8,Kim Zolciak-Biermann,5.5,8.5,-3.0
21,8,Paula Deen,10.0,11.5,-1.5
22,2,Mischa Barton,11.0,11.0,0.0
22,2,Kim Fields,9.5,9.5,0.0
22,2,Jodie Sweetin,3.5,3.5,0.0
22,2,Doug Flutie,6.5,6.5,0.0
22,2,Von Miller,6.5,6.5,0.0
22,2,Antonio Brown,9.5,9.5,0.0
22,2,Paige VanZant,1.5,1.5,0.0
22,2,Geraldo Rivera,12.0,12.0,0.0
22,2,Nyle DiMarco,6.5,6.5,0.0
22,2,Ginger Zee,3.5,3.5,0.0
22,2,Wanya Morris,1.5,1.5,0.0
22,2,Marla Maples,6.5,6.5,0.0
22,3,Mischa Barton,12.0,12.0,0.0
22,3,Kim Fields,5.0,5.0,0.0
22,3,Jodie Sweetin,4.0,4.0,0.0
22,3,Doug Flutie,10.0,9.0,1.0
22,3,Von Miller,10.0,9.0,1.0
22,3,Antonio Brown,10.0,9.0,1.0
22,3,Paige VanZant,3.0,3.0,0.0
22,3,Geraldo Rivera,6.0,11.0,-5.0
22,3,Nyle DiMarco,1.0,1.0,0.0
22,3,Ginger Zee,7.5,6.5,1.0
22,3,Wanya Morris,2.0,2.0,0.0
22,3,Marla Maples,7.5,6.5,1.0
22,4,Mischa Barton,6.5,10.5,-4.0
22,4,Kim Fields,8.5,6.5,2.0
22,4,Jodie Sweetin,10.0,8.0,2.0
22,4,Doug Flutie,12.0,9.0,3.0
22,4,Von Miller,8.5,6.5,2.0
22,4,Antonio Brown,3.5,3.5,0.0
22,4,Paige VanZant,1.5,1.5,0.0
22,4,Geraldo Rivera,6.5,10.5,-4.0
22,4,Nyle DiMarco,5.0,5.0,0.0
22,4,Ginger Zee,1.5,1.5,0.0
22,4,Wanya Morris,3.5,3.5,0.0
22,4,Marla Maples,11.0,12.0,-1.0
22,6,Mischa Barton,6.5,9.5,-3.0
22,6,Kim Fields,10.0,7.0,3.0
22,6,Jodie Sweetin,4.5,4.5,0.0
22,6,Doug Flutie,12.0,12.0,0.0
22,6,Von Miller,10.0,7.0,3.0
22,6,Antonio Brown,3.0,3.0,0.0
22,6,Paige VanZant,2.0,2.0,0.0
22,6,Geraldo Rivera,6.5,9.5,-3.0
22,6,Nyle DiMarco,4.5,4.5,0.0
22,6,Ginger Zee,10.0,7.0,3.0
22,6,Wanya Morris,1.0,1.0,0.0
22,6,Marla Maples,8.0,11.0,-3.0
22,7,Mischa Barton,6.0,9.0,-3.0
22,7,Kim Fields,11.0,12.0,-1.0
22,7,Jodie Sweetin,12.0,7.0,5.0
22,7,Doug Flutie,7.5,10.5,-3.0
22,7,Von Miller,9.5,5.5,4.0
22,7,Antonio Brown,9.5,5.5,4.0
22,7,Paige VanZant,3.0,3.0,0.0
22,7,Geraldo Rivera,7.5,10.5,-3.0
22,7,Nyle DiMarco,1.0,1.0,0.0
22,7,Ginger Zee,3.0,3.0,0.0
22,7,Wanya Morris,3.0,3.0,0.0
22,7,Marla Maples,5.0,8.0,-3.0
23,2,Jake T. Austin,13.0,13.0,0.0
23,2,Maureen McCormick,8.5,8.5,0.0
23,2,Marilu Henner,7.0,7.0,0.0
23,2,Ryan Lochte,11.5,10.5,1.0
23,2,Calvin Johnson Jr.,6.0,6.0,0.0
23,2,Laurie Hernandez,1.0,1.0,0.0
23,2,Amber Rose,11.5,10.5,1.0
23,2,Rick Perry,10.0,12.0,-2.0
23,2,James Hinchcliffe,4.5,4.5,0.0
23,2,Babyface,3.0,3.0,0.0
23,2,Vanilla Ice,8.5,8.5,0.0
23,2,Jana Kramer,4.5,4.5,0.0
23,2,Terra Jole,2.0,2.0,0.0
23,3,Jake T. Austin,7.0,12.0,-5.0
23,3,Maureen McCormick,5.5,5.5,0.0
23,3,Marilu Henner,5.5,5.5,0.0
23,3,Ryan Lochte,10.0,9.0,1.0
23,3,Calvin Johnson Jr.,1.0,1.0,0.0
23,3,Laurie Hernandez,2.0,2.0,0.0
23,3,Amber Rose,10.0,9.0,1.0
23,3,Rick Perry,13.0,13.0,0.0
23,3,James Hinchcliffe,4.0,4.0,0.0
23,3,Babyface,10.0,9.0,1.0
23,3,Vanilla Ice,12.0,11.0,1.0
23,3,Jana Kramer,8.0,7.0,1.0
23,3,Terra Jole,3.0,3.0,0.0
23,4,Jake T. Austin,8.0,11.5,-3.5
23,4,Maureen McCormick,4.5,4.5,0.0
23,4,Marilu Henner,12.0,10.0,2.0
23,4,Ryan Lochte,11.0,9.0,2.0
23,4,Calvin Johnson Jr.,8.0,7.0,1.0
23,4,Laurie Hernandez,1.0,1.0,0.0
23,4,Amber Rose,4.5,4.5,0.0
23,4,Rick Perry,8.0,11.5,-3.5
23,4,James Hinchcliffe,2.0,2.0,0.0
23,4,Babyface,13.0,13.0,0.0
23,4,Vanilla Ice,8.0,7.0,1.0
23,4,Jana Kramer,8.0,7.0,1.0
23,4,Terra Jole,3.0,3.0,0.0
23,6,Jake T. Austin,6.0,10.0,-4.0
23,6,Maureen McCormick,10.0,6.0,4.0
23,6,Marilu Henner,8.0,5.0,3.0
23,6,Ryan Lochte,11.5,7.5,4.0
23,6,Calvin Johnson Jr.,3.5,3.5,0.0
23,6,Laurie Hernandez,3.5,3.5,0.0
23,6,Amber Rose,13.0,13.0,0.0
23,6,Rick Perry,6.0,10.0,-4.0
23,6,James Hinchcliffe,2.0,2.0,0.0
23,6,Babyface,9.0,12.0,-3.0
23,6,Vanilla Ice,6.0,10.0,-4.0
23,6,Jana Kramer,1.0,1.0,0.0
23,6,Terra Jole,11.5,7.5,4.0
23,7,Jake T. Austin,4.5,8.5,-4.0
23,7,Maureen McCormick,12.0,13.0,-1.0
23,7,Marilu Henner,13.0,7.0,6.0
23,7,Ryan Lochte,11.0,6.0,5.0
23,7,Calvin Johnson Jr.,2.0,2.0,0.0
23,7,Laurie Hernandez,6.5,4.5,2.0
23,7,Amber Rose,9.0,11.0,-2.0
23,7,Rick Perry,9.0,11.0,-2.0
23,7,James Hinchcliffe,1.0,1.0,0.0
23,7,Babyface,9.0,11.0,-2.0
23,7,Vanilla Ice,4.5,8.5,-4.0
23,7,Jana Kramer,6.5,4.5,2.0
23,7,Terra Jole,3.0,3.0,0.0
23,8,Jake T. Austin,8.0,10.0,-2.0
23,8,Maureen McCormick,3.0,7.0,-4.0
23,8,Marilu Henner,13.0,6.0,7.0
23,8,Ryan Lochte,12.0,13.0,-1.0
23,8,Calvin Johnson Jr.,4.5,3.5,1.0
23,8,Laurie Hernandez,2.0,2.0,0.0
23,8,Amber Rose,8.0,10.0,-2.0
23,8,Rick Perry,8.0,10.0,-2.0
23,8,James Hinchcliffe,1.0,1.0,0.0
23,8,Babyface,8.0,10.0,-2.0
23,8,Vanilla Ice,8.0,10.0,-2.0
23,8,Jana Kramer,4.5,3.5,1.0
23,8,Terra Jole,11.0,5.0,6.0
24,2,Charo,9.5,9.5,0.0
24,2,Mr. T,11.0,11.0,0.0
24,2,Heather Morris,3.0,3.0,0.0
24,2,Nancy Kerrigan,6.0,6.0,0.0
24,2,Bonner Bolton,6.0,6.0,0.0
24,2,Simone Biles,4.0,4.0,0.0
24,2,David Ross,8.0,8.0,0.0
24,2,Rashad Jennings,1.5,1.5,0.0
24,2,Chris Kattan,12.0,12.0,0.0
24,2,Erika Jayne,6.0,6.0,0.0
24,2,Normani,1.5,1.5,0.0
24,2,Nick Viall,9.5,9.5,0.0
24,3,Charo,12.0,12.0,0.0
24,3,Mr. T,10.5,9.5,1.0
24,3,Heather Morris,2.5,2.5,0.0
24,3,Nancy Kerrigan,2.5,2.5,0.0
24,3,Bonner Bolton,10.5,9.5,1.0
24,3,Simone Biles,4.0,4.0,0.0
24,3,David Ross,5.0,5.0,0.0
24,3,Rashad Jennings,6.5,6.0,0.5
24,3,Chris Kattan,6.5,11.0,-4.5
24,3,Erika Jayne,8.5,7.5,1.0
24,3,Normani,1.0,1.0,0.0
24,3,Nick Viall,8.5,7.5,1.0
24,4,Charo,6.5,10.5,-4.0
24,4,Mr. T,12.0,12.0,0.0
24,4,Heather Morris,3.0,3.0,0.0
24,4,Nancy Kerrigan,4.0,4.0,0.0
24,4,Bonner Bolton,6.5,5.5,1.0
24,4,Simone Biles,2.0,2.0,0.0
24,4,David Ross,9.0,7.0,2.0
24,4,Rashad Jennings,1.0,1.0,0.0
24,4,Chris Kattan,6.5,10.5,-4.0
24,4,Erika Jayne,10.5,8.5,2.0
24,4,Normani,6.5,5.5,1.0
24,4,Nick Viall,10.5,8.5,2.0
24,5,Charo,7.0,10.0,-3.0
24,5,Mr. T,7.0,10.0,-3.0
24,5,Heather Morris,4.5,4.5,0.0
24,5,Nancy Kerrigan,3.0,3.0,0.0
24,5,Bonner Bolton,10.0,7.0,3.0
24,5,Simone Biles,2.0,2.0,0.0
24,5,David Ross,12.0,8.0,4.0
24,5,Rashad Jennings,9.0,6.0,3.0
24,5,Chris Kattan,7.0,10.0,-3.0
24,5,Erika Jayne,11.0,12.0,-1.0
24,5,Normani,1.0,1.0,0.0
24,5,Nick Viall,4.5,4.5,0.0
24,6,Charo,8.0,10.0,-2.0
24,6,Mr. T,8.0,10.0,-2.0
24,6,Heather Morris,5.5,12.0,-6.5
24,6,Nancy Kerrigan,5.5,4.0,1.5
24,6,Bonner Bolton,10.0,5.0,5.0
24,6,Simone Biles,3.0,3.0,0.0
24,6,David Ross,11.0,6.0,5.0
24,6,Rashad Jennings,2.0,2.0,0.0
24,6,Chris Kattan,8.0,10.0,-2.0
24,6,Erika Jayne,4.0,8.0,-4.0
24,6,Normani,1.0,1.0,0.0
24,6,Nick Viall,12.0,7.0,5.0
24,7,Charo,5.0,8.0,-3.0
24,7,Mr. T,8.5,10.5,-2.0
24,7,Heather Morris,8.5,10.5,-2.0
24,7,Nancy Kerrigan,10.5,12.0,-1.5
24,7,Bonner Bolton,12.0,6.0,6.0
24,7,Simone Biles,2.5,2.5,0.0
24,7,David Ross,10.5,5.0,5.5
24,7,Rashad Jennings,2.5,2.5,0.0
24,7,Chris Kattan,5.0,8.0,-3.0
24,7,Erika Jayne,5.0,8.0,-3.0
24,7,Normani,1.0,1.0,0.0
24,7,Nick Viall,7.0,4.0,3.0
25,2,Sasha Pieterse,4.5,4.5,0.0
25,2,Frankie Muniz,1.5,1.5,0.0
25,2,Jordan Fisher,1.5,1.5,0.0
25,2,Derek Fisher,11.5,11.5,0.0
25,2,Nikki Bella,9.5,9.5,0.0
25,2,Terrell Owens,9.5,9.5,0.0
25,2,Victoria Arlen,6.0,6.0,0.0
25,2,Barbara Corcoran,13.0,13.0,0.0
25,2,Lindsey Stirling,4.5,4.5,0.0
25,2,Debbie Gibson,7.5,7.5,0.0
25,2,Nick Lachey,11.5,11.5,0.0
25,2,Drew Scott,7.5,7.5,0.0
25,2,Vanessa Lachey,3.0,3.0,0.0
25,4,Sasha Pieterse,8.5,6.5,2.0
25,4,Frankie Muniz,8.5,6.5,2.0
25,4,Jordan Fisher,1.0,1.0,0.0
25,4,Derek Fisher,12.5,13.0,-0.5
25,4,Nikki Bella,8.5,6.5,2.0
25,4,Terrell Owens,8.5,6.5,2.0
25,4,Victoria Arlen,2.0,2.0,0.0
25,4,Barbara Corcoran,4.5,11.5,-7.0
25,4,Lindsey Stirling,3.0,3.0,0.0
25,4,Debbie Gibson,4.5,11.5,-7.0
25,4,Nick Lachey,12.5,10.0,2.5
25,4,Drew Scott,8.5,6.5,2.0
25,4,Vanessa Lachey,8.5,6.5,2.0
25,5,Sasha Pieterse,12.0,13.0,-1.0
25,5,Frankie Muniz,2.0,2.0,0.0
25,5,Jordan Fisher,1.0,1.0,0.0
25,5,Derek Fisher,8.0,12.0,-4.0
25,5,Nikki Bella,4.5,4.5,0.0
25,5,Terrell Owens,9.5,6.5,3.0
25,5,Victoria Arlen,4.5,4.5,0.0
25,5,Barbara Corcoran,6.5,10.5,-4.0
25,5,Lindsey Stirling,3.0,3.0,0.0
25,5,Debbie Gibson,6.5,10.5,-4.0
25,5,Nick Lachey,13.0,9.0,4.0
25,5,Drew Scott,9.5,6.5,3.0
25,5,Vanessa Lachey,11.0,8.0,3.0
25,6,Sasha Pieterse,7.5,10.5,-3.0
25,6,Frankie Muniz,10.5,6.5,4.0
25,6,Jordan Fisher,2.0,2.0,0.0
25,6,Derek Fisher,7.5,10.5,-3.0
25,6,Nikki Bella,4.5,4.5,0.0
25,6,Terrell Owens,3.0,3.0,0.0
25,6,Victoria Arlen,10.5,6.5,4.0
25,6,Barbara Corcoran,7.5,10.5,-3.0
25,6,Lindsey Stirling,1.0,1.0,0.0
25,6,Debbie Gibson,7.5,10.5,-3.0
25,6,Nick Lachey,13.0,13.0,0.0
25,6,Drew Scott,12.0,8.0,4.0
25,6,Vanessa Lachey,4.5,4.5,0.0
25,7,Sasha Pieterse,9.5,11.5,-2.0
25,7,Frankie Muniz,1.0,1.0,0.0
25,7,Jordan Fisher,8.0,5.0,3.0
25,7,Derek Fisher,9.5,11.5,-2.0
25,7,Nikki Bella,13.0,13.0,0.0
25,7,Terrell Owens,12.0,7.0,5.0
25,7,Victoria Arlen,2.5,2.5,0.0
25,7,Barbara Corcoran,5.0,9.0,-4.0
25,7,Lindsey Stirling,11.0,6.0,5.0
25,7,Debbie Gibson,5.0,9.0,-4.0
25,7,Nick Lachey,5.0,9.0,-4.0
25,7,Drew Scott,2.5,2.5,0.0
25,7,Vanessa Lachey,7.0,4.0,3.0
26,1,Jamie Anderson,9.5,10.0,-0.5
26,1,Johnny Damon,9.5,9.0,0.5
26,1,Kareem Abdul-Jabbar,7.5,8.0,-0.5
26,1,Arike Ogunbowale,7.5,7.0,0.5
26,1,Jennie Finch Daigle,5.5,5.5,0.0
26,1,Chris Mazdzer,5.5,5.5,0.0
26,1,Mirai Nagasu,3.5,3.5,0.0
26,1,Tonya Harding,3.5,3.5,0.0
26,1,Josh Norman,1.5,1.5,0.0
26,1,Adam Rippon,1.5,1.5,0.0
26,2,Jamie Anderson,4.0,8.0,-4.0
26,2,Johnny Damon,7.0,9.0,-2.0
26,2,Kareem Abdul-Jabbar,10.0,10.0,0.0
26,2,Arike Ogunbowale,3.0,3.0,0.0
26,2,Jennie Finch Daigle,8.5,6.5,2.0
26,2,Chris Mazdzer,5.5,4.5,1.0
26,2,Mirai Nagasu,1.5,1.5,0.0
26,2,Tonya Harding,5.5,4.5,1.0
26,2,Josh Norman,8.5,6.5,2.0
26,2,Adam Rippon,1.5,1.5,0.0
26,3,Jamie Anderson,3.0,6.0,-3.0
26,3,Johnny Damon,7.0,8.0,-1.0
26,3,Kareem Abdul-Jabbar,7.0,8.0,-1.0
26,3,Arike Ogunbowale,7.0,8.0,-1.0
26,3,Jennie Finch Daigle,10.0,10.0,0.0
26,3,Chris Mazdzer,9.0,5.0,4.0
26,3,Mirai Nagasu,4.5,3.5,1.0
26,3,Tonya Harding,4.5,3.5,1.0
26,3,Josh Norman,2.0,2.0,0.0
26,3,Adam Rippon,1.0,1.0,0.0
27,1,Juan Pablo Di Pace,3.5,3.5,0.0
27,1,Evanna Lynch,11.0,10.0,1.0
27,1,Nancy McKeon,8.0,8.0,0.0
27,1,John Schneider,11.0,10.0,1.0
27,1,Milo Manheim,6.0,6.0,0.0
27,1,Danelle Umstead,11.0,10.0,1.0
27,1,Mary Lou Retton,6.0,6.0,0.0
27,1,DeMarcus Ware,1.5,1.5,0.0
27,1,Nikki Glaser,13.0,13.0,0.0
27,1,Bobby Bones,6.0,6.0,0.0
27,1,Tinashe,1.5,1.5,0.0
27,1,Alexis Ren,3.5,3.5,0.0
27,1,Joe Amabile,9.0,12.0,-3.0
27,2,Juan Pablo Di Pace,2.0,2.0,0.0
27,2,Evanna Lynch,5.0,5.0,0.0
27,2,Nancy McKeon,10.0,9.0,1.0
27,2,John Schneider,9.0,8.0,1.0
27,2,Milo Manheim,2.0,2.0,0.0
27,2,Danelle Umstead,12.5,13.0,-0.5
27,2,Mary Lou Retton,8.0,7.0,1.0
27,2,DeMarcus Ware,6.0,6.0,0.0
27,2,Nikki Glaser,7.0,12.0,-5.0
27,2,Bobby Bones,11.0,10.0,1.0
27,2,Tinashe,2.0,2.0,0.0
27,2,Alexis Ren,4.0,4.0,0.0
27,2,Joe Amabile,12.5,11.0,1.5
27,3,Juan Pablo Di Pace,1.0,1.0,0.0
27,3,Evanna Lynch,3.0,3.0,0.0
27,3,Nancy McKeon,12.0,13.0,-1.0
27,3,John Schneider,11.0,9.0,2.0
27,3,Milo Manheim,3.0,3.0,0.0
27,3,Danelle Umstead,7.5,11.5,-4.0
27,3,Mary Lou Retton,9.0,7.0,2.0
27,3,DeMarcus Ware,5.5,5.5,0.0
27,3,Nikki Glaser,7.5,11.5,-4.0
27,3,Bobby Bones,10.0,8.0,2.0
27,3,Tinashe,3.0,3.0,0.0
27,3,Alexis Ren,5.5,5.5,0.0
27,3,Joe Amabile,13.0,10.0,3.0
27,4,Juan Pablo Di Pace,4.0,4.0,0.0
27,4,Evanna Lynch,6.0,5.0,1.0
27,4,Nancy McKeon,8.0,12.0,-4.0
27,4,John Schneider,11.0,7.0,4.0
27,4,Milo Manheim,1.0,1.0,0.0
27,4,Danelle Umstead,6.0,10.5,-4.5
27,4,Mary Lou Retton,2.0,2.0,0.0
27,4,DeMarcus Ware,10.0,6.0,4.0
27,4,Nikki Glaser,6.0,10.5,-4.5
27,4,Bobby Bones,12.0,8.0,4.0
27,4,Tinashe,9.0,13.0,-4.0
27,4,Alexis Ren,3.0,3.0,0.0
27,4,Joe Amabile,13.0,9.0,4.0
27,6,Juan Pablo Di Pace,1.5,1.5,0.0
27,6,Evanna Lynch,3.0,3.0,0.0
27,6,Nancy McKeon,7.0,10.5,-3.5
27,6,John Schneider,13.0,8.0,5.0
27,6,Milo Manheim,1.5,1.5,0.0
27,6,Danelle Umstead,7.0,10.5,-3.5
27,6,Mary Lou Retton,12.0,13.0,-1.0
27,6,DeMarcus Ware,7.0,5.0,2.0
27,6,Nikki Glaser,7.0,10.5,-3.5
27,6,Bobby Bones,10.5,6.5,4.0
27,6,Tinashe,7.0,10.5,-3.5
27,6,Alexis Ren,4.0,4.0,0.0
27,6,Joe Amabile,10.5,6.5,4.0
27,7,Juan Pablo Di Pace,3.0,3.0,0.0
27,7,Evanna Lynch,1.0,1.0,0.0
27,7,Nancy McKeon,7.0,10.0,-3.0
27,7,John Schneider,12.0,13.0,-1.0
27,7,Milo Manheim,2.0,2.0,0.0
27,7,Danelle Umstead,7.0,10.0,-3.0
27,7,Mary Lou Retton,7.0,10.0,-3.0
27,7,DeMarcus Ware,11.0,6.0,5.0
27,7,Nikki Glaser,7.0,10.0,-3.0
27,7,Bobby Bones,10.0,5.0,5.0
27,7,Tinashe,7.0,10.0,-3.0
27,7,Alexis Ren,4.0,4.0,0.0
27,7,Joe Amabile,13.0,7.0,6.0
28,2,Kate Flannery,2.0,2.0,0.0
28,2,James Van Der Beek,4.0,4.0,0.0
28,2,Kel Mitchell,3.0,3.0,0.0
28,2,Ray Lewis,10.0,10.0,0.0
28,2,Lamar Odom,12.0,12.0,0.0
28,2,Sailor Brinkley-Cook,8.0,8.0,0.0
28,2,Sean Spicer,9.0,9.0,0.0
28,2,Mary Wilson,11.0,11.0,0.0
28,2,Lauren Alaina,6.0,6.0,0.0
28,2,Ally Brooke,5.0,5.0,0.0
28,2,Karamo Brown,7.0,7.0,0.0
28,2,Hannah Brown,1.0,1.0,0.0
28,4,Kate Flannery,8.0,8.0,0.0
28,4,James Van Der Beek,7.0,7.0,0.0
28,4,Kel Mitchell,1.0,1.0,0.0
28,4,Ray Lewis,12.0,12.0,0.0
28,4,Lamar Odom,11.0,10.0,1.0
28,4,Sailor Brinkley-Cook,5.0,5.0,0.0
28,4,Sean Spicer,9.0,9.0,0.0
28,4,Mary Wilson,10.0,11.0,-1.0
28,4,Lauren Alaina,4.0,4.0,0.0
28,4,Ally Brooke,3.0,3.0,0.0
28,4,Karamo Brown,6.0,6.0,0.0
28,4,Hannah Brown,2.0,2.0,0.0
28,7,Kate Flannery,7.5,6.0,1.5
28,7,James Van Der Beek,1.0,1.0,0.0
28,7,Kel Mitchell,5.0,5.0,0.0
28,7,Ray Lewis,12.0,12.0,0.0
28,7,Lamar Odom,6.0,9.0,-3.0
28,7,Sailor Brinkley-Cook,9.0,10.0,-1.0
28,7,Sean Spicer,7.5,7.0,0.5
28,7,Mary Wilson,11.0,11.0,0.0
28,7,Lauren Alaina,2.0,2.0,0.0
28,7,Ally Brooke,3.5,4.0,-0.5
28,7,Karamo Brown,10.0,8.0,2.0
28,7,Hannah Brown,3.5,3.0,0.5
28,9,Kate Flannery,10.0,10.0,0.0
28,9,James Van Der Beek,3.0,3.0,0.0
28,9,Kel Mitchell,2.0,2.0,0.0
28,9,Ray Lewis,12.0,12.0,0.0
28,9,Lamar Odom,11.0,11.0,0.0
28,9,Sailor Brinkley-Cook,6.0,7.0,-1.0
28,9,Sean Spicer,9.0,6.0,3.0
28,9,Mary Wilson,7.0,8.0,-1.0
28,9,Lauren Alaina,5.0,5.0,0.0
28,9,Ally Brooke,1.0,1.0,0.0
28,9,Karamo Brown,8.0,9.0,-1.0
28,9,Hannah Brown,4.0,4.0,0.0
29,2,Anne Heche,8.0,8.0,0.0
29,2,Jesse Metcalfe,4.0,4.0,0.0
29,2,Chrishell Stause,7.0,7.0,0.0
29,2,Skai Jackson,14.0,14.0,0.0
29,2,Justina Machado,2.0,2.0,0.0
29,2,Charles Oakley,15.0,15.0,0.0
29,2,Veron Davis,11.0,11.0,0.0
29,2,Johnny Weir,6.0,6.0,0.0
29,2,Nev Schulman,3.0,3.0,0.0
29,2,AJ McLean,5.0,5.0,0.0
29,2,Nelly,10.0,10.0,0.0
29,2,Kaitlyn Bristowe,1.0,1.0,0.0
29,2,Carole Baskin,12.0,12.0,0.0
29,2,Monica Aldama,13.0,13.0,0.0
29,2,Jeannie Mai,9.0,9.0,0.0
29,3,Anne Heche,13.0,13.0,0.0
29,3,Jesse Metcalfe,9.0,9.0,0.0
29,3,Chrishell Stause,4.0,4.0,0.0
29,3,Skai Jackson,11.0,11.0,0.0
29,3,Justina Machado,10.0,10.0,0.0
29,3,Charles Oakley,14.5,15.0,-0.5
29,3,Veron Davis,5.0,5.0,0.0
29,3,Johnny Weir,1.0,1.0,0.0
29,3,Nev Schulman,2.0,2.0,0.0
29,3,AJ McLean,7.0,7.0,0.0
29,3,Nelly,12.0,12.0,0.0
29,3,Kaitlyn Bristowe,3.0,3.0,0.0
29,3,Carole Baskin,14.5,14.0,0.5
29,3,Monica Aldama,8.0,8.0,0.0
29,3,Jeannie Mai,6.0,6.0,0.0
29,4,Anne Heche,13.0,13.0,0.0
29,4,Jesse Metcalfe,11.0,11.0,0.0
29,4,Chrishell Stause,8.0,8.0,0.0
29,4,Skai Jackson,1.0,1.0,0.0
29,4,Justina Machado,4.0,4.0,0.0
29,4,Charles Oakley,14.0,14.0,0.0
29,4,Veron Davis,9.0,9.0,0.0
29,4,Johnny Weir,3.0,3.0,0.0
29,4,Nev Schulman,7.0,7.0,0.0
29,4,AJ McLean,6.0,6.0,0.0
29,4,Nelly,10.0,10.0,0.0
29,4,Kaitlyn Bristowe,2.0,2.0,0.0
29,4,Carole Baskin,15.0,15.0,0.0
29,4,Monica Aldama,5.0,5.0,0.0
29,4,Jeannie Mai,12.0,12.0,0.0
29,5,Anne Heche,14.0,14.0,0.0
29,5,Jesse Metcalfe,13.0,12.0,1.0
29,5,Chrishell Stause,11.0,11.0,0.0
29,5,Skai Jackson,6.0,6.0,0.0
29,5,Justina Machado,7.0,7.0,0.0
29,5,Charles Oakley,12.0,13.0,-1.0
29,5,Veron Davis,10.0,10.0,0.0
29,5,Johnny Weir,1.0,1.0,0.0
29,5,Nev Schulman,3.0,3.0,0.0
29,5,AJ McLean,5.0,5.0,0.0
29,5,Nelly,8.0,8.0,0.0
29,5,Kaitlyn Bristowe,2.0,2.0,0.0
29,5,Carole Baskin,15.0,15.0,0.0
29,5,Monica Aldama,4.0,4.0,0.0
29,5,Jeannie Mai,9.0,9.0,0.0
29,6,Anne Heche,14.0,14.0,0.0
29,6,Jesse Metcalfe,12.0,13.0,-1.0
29,6,Chrishell Stause,8.0,8.0,0.0
29,6,Skai Jackson,11.0,10.0,1.0
29,6,Justina Machado,1.0,1.0,0.0
29,6,Charles Oakley,10.0,12.0,-2.0
29,6,Veron Davis,13.0,11.0,2.0
29,6,Johnny Weir,9.0,9.0,0.0
29,6,Nev Schulman,5.0,4.0,1.0
29,6,AJ McLean,4.0,5.0,-1.0
29,6,Nelly,7.0,7.0,0.0
29,6,Kaitlyn Bristowe,3.0,3.0,0.0
29,6,Carole Baskin,15.0,15.0,0.0
29,6,Monica Aldama,2.0,2.0,0.0
29,6,Jeannie Mai,6.0,6.0,0.0
29,7,Anne Heche,10.0,11.0,-1.0
29,7,Jesse Metcalfe,12.5,13.0,-0.5
29,7,Chrishell Stause,7.0,7.0,0.0
29,7,Skai Jackson,2.0,2.0,0.0
29,7,Justina Machado,5.0,5.0,0.0
29,7,Charles Oakley,11.0,12.0,-1.0
29,7,Veron Davis,14.0,14.0,0.0
29,7,Johnny Weir,4.0,4.0,0.0
29,7,Nev Schulman,1.0,1.0,0.0
29,7,AJ McLean,6.0,6.0,0.0
29,7,Nelly,3.0,3.0,0.0
29,7,Kaitlyn Bristowe,8.0,9.0,-1.0
29,7,Carole Baskin,15.0,15.0,0.0
29,7,Monica Aldama,12.5,10.0,2.5
29,7,Jeannie Mai,9.0,8.0,1.0
30,2,Martin Kove,15.0,15.0,0.0
30,2,Brian Austin Green,13.0,13.0,0.0
30,2,Melora Hardin,6.0,6.0,0.0
30,2,Matt James,14.0,14.0,0.0
30,2,"Mike ""The Miz"" Mizanin",8.0,8.0,0.0
30,2,Suni Lee,4.0,4.0,0.0
30,2,Iman Shumpert,9.0,9.0,0.0
30,2,Cody Rigsby,12.0,12.0,0.0
30,2,Melanie C,3.0,3.0,0.0
30,2,Jimmie Allen,5.0,5.0,0.0
30,2,Olivia Jade,7.0,7.0,0.0
30,2,JoJo Siwa,2.0,2.0,0.0
30,2,Christine Chiu,10.0,10.0,0.0
30,2,Kenya Moore,11.0,11.0,0.0
30,2,Amanda Kloots,1.0,1.0,0.0
30,3,Martin Kove,15.0,15.0,0.0
30,3,Brian Austin Green,13.5,11.0,2.5
30,3,Melora Hardin,4.0,5.0,-1.0
30,3,Matt James,11.0,12.0,-1.0
30,3,"Mike ""The Miz"" Mizanin",6.0,6.0,0.0
30,3,Suni Lee,7.0,7.0,0.0
30,3,Iman Shumpert,9.0,9.0,0.0
30,3,Cody Rigsby,10.0,10.0,0.0
30,3,Melanie C,5.0,4.0,1.0
30,3,Jimmie Allen,13.5,13.0,0.5
30,3,Olivia Jade,1.0,1.0,0.0
30,3,JoJo Siwa,3.0,3.0,0.0
30,3,Christine Chiu,12.0,14.0,-2.0
30,3,Kenya Moore,8.0,8.0,0.0
30,3,Amanda Kloots,2.0,2.0,0.0
30,4,Martin Kove,13.0,14.0,-1.0
30,4,Brian Austin Green,14.0,13.0,1.0
30,4,Melora Hardin,1.0,1.0,0.0
30,4,Matt James,12.0,12.0,0.0
30,4,"Mike ""The Miz"" Mizanin",7.0,7.0,0.0
30,4,Suni Lee,4.0,4.0,0.0
30,4,Iman Shumpert,9.0,9.0,0.0
30,4,Cody Rigsby,11.0,11.0,0.0
30,4,Melanie C,6.0,6.0,0.0
30,4,Jimmie Allen,8.0,8.0,0.0
30,4,Olivia Jade,3.0,3.0,0.0
30,4,JoJo Siwa,2.0,2.0,0.0
30,4,Christine Chiu,15.0,15.0,0.0
30,4,Kenya Moore,10.0,10.0,0.0
30,4,Amanda Kloots,5.0,5.0,0.0
30,6,Martin Kove,12.5,13.0,-0.5
30,6,Brian Austin Green,11.0,12.0,-1.0
30,6,Melora Hardin,8.0,8.0,0.0
30,6,Matt James,14.0,14.0,0.0
30,6,"Mike ""The Miz"" Mizanin",9.0,9.0,0.0
30,6,Suni Lee,6.0,6.0,0.0
30,6,Iman Shumpert,1.0,1.0,0.0
30,6,Cody Rigsby,7.0,7.0,0.0
30,6,Melanie C,10.0,11.0,-1.0
30,6,Jimmie Allen,3.0,3.0,0.0
30,6,Olivia Jade,5.0,5.0,0.0
30,6,JoJo Siwa,2.0,2.0,0.0
30,6,Christine Chiu,15.0,15.0,0.0
30,6,Kenya Moore,12.5,10.0,2.5
30,6,Amanda Kloots,4.0,4.0,0.0
30,7,Martin Kove,11.0,12.0,-1.0
30,7,Brian Austin Green,13.0,13.0,0.0
30,7,Melora Hardin,3.0,3.0,0.0
30,7,Matt James,15.0,15.0,0.0
30,7,"Mike ""The Miz"" Mizanin",12.0,9.0,3.0
30,7,Suni Lee,8.0,8.0,0.0
30,7,Iman Shumpert,6.0,6.0,0.0
30,7,Cody Rigsby,5.0,5.0,0.0
30,7,Melanie C,10.0,11.0,-1.0
30,7,Jimmie Allen,4.0,4.0,0.0
30,7,Olivia Jade,2.0,1.0,1.0
30,7,JoJo Siwa,1.0,2.0,-1.0
30,7,Christine Chiu,9.0,10.0,-1.0
30,7,Kenya Moore,14.0,14.0,0.0
30,7,Amanda Kloots,7.0,7.0,0.0
31,1,Jason Lewis,15.5,16.0,-0.5
31,1,Cheryl Ladd,11.0,11.0,0.0
31,1,Selma Blair,4.0,4.0,0.0
31,1,Joseph Baena,9.0,9.0,0.0
31,1,Trevor Donovan,10.0,10.0,0.0
31,1,Daniel Durant,6.0,6.0,0.0
31,1,Wayne Brady,2.0,2.0,0.0
31,1,Sam Champion,12.0,12.0,0.0
31,1,Jessie James Decker,14.0,14.0,0.0
31,1,Jordin Sparks,7.0,7.0,0.0
31,1,Heidi D'Amelio,8.0,8.0,0.0
31,1,Charli D'Amelio,1.0,1.0,0.0
31,1,Teresa Giudice,13.0,13.0,0.0
31,1,Vinny Guadagnino,15.5,15.0,0.5
31,1,Shangela,5.0,5.0,0.0
31,1,Gabby Windey,3.0,3.0,0.0
31,2,Jason Lewis,16.0,16.0,0.0
31,2,Cheryl Ladd,14.0,14.0,0.0
31,2,Selma Blair,8.0,8.0,0.0
31,2,Joseph Baena,13.0,13.0,0.0
31,2,Trevor Donovan,4.0,4.0,0.0
31,2,Daniel Durant,5.0,5.0,0.0
31,2,Wayne Brady,1.0,1.0,0.0
31,2,Sam Champion,11.0,11.0,0.0
31,2,Jessie James Decker,12.0,12.0,0.0
31,2,Jordin Sparks,10.0,10.0,0.0
31,2,Heidi D'Amelio,7.0,7.0,0.0
31,2,Charli D'Amelio,2.0,2.0,0.0
31,2,Teresa Giudice,15.0,15.0,0.0
31,2,Vinny Guadagnino,9.0,9.0,0.0
31,2,Shangela,6.0,6.0,0.0
31,2,Gabby Windey,3.0,3.0,0.0
31,3,Jason Lewis,15.0,15.0,0.0
31,3,Cheryl Ladd,14.0,14.0,0.0
31,3,Selma Blair,9.0,9.0,0.0
31,3,Joseph Baena,7.0,7.0,0.0
31,3,Trevor Donovan,10.0,10.0,0.0
31,3,Daniel Durant,5.0,5.0,0.0
31,3,Wayne Brady,1.0,1.0,0.0
31,3,Sam Champion,12.0,12.0,0.0
31,3,Jessie James Decker,11.0,11.0,0.0
31,3,Jordin Sparks,8.0,8.0,0.0
31,3,Heidi D'Amelio,4.0,4.0,0.0
31,3,Charli D'Amelio,2.0,2.0,0.0
31,3,Teresa Giudice,16.0,16.0,0.0
31,3,Vinny Guadagnino,13.0,13.0,0.0
31,3,Shangela,6.0,6.0,0.0
31,3,Gabby Windey,3.0,3.0,0.0
31,4,Jason Lewis,13.0,14.0,-1.0
31,4,Cheryl Ladd,14.5,15.0,-0.5
31,4,Selma Blair,6.0,6.0,0.0
31,4,Joseph Baena,11.0,11.0,0.0
31,4,Trevor Donovan,12.0,12.0,0.0
31,4,Daniel Durant,10.0,10.0,0.0
31,4,Wayne Brady,1.0,1.0,0.0
31,4,Sam Champion,14.5,13.0,1.5
31,4,Jessie James Decker,8.0,8.0,0.0
31,4,Jordin Sparks,5.0,5.0,0.0
31,4,Heidi D'Amelio,4.0,4.0,0.0
31,4,Charli D'Amelio,2.0,2.0,0.0
31,4,Teresa Giudice,16.0,16.0,0.0
31,4,Vinny Guadagnino,9.0,9.0,0.0
31,4,Shangela,7.0,7.0,0.0
31,4,Gabby Windey,3.0,3.0,0.0
31,5,Jason Lewis,15.0,15.0,0.0
31,5,Cheryl Ladd,11.0,13.0,-2.0
31,5,Selma Blair,3.0,4.0,-1.0
31,5,Joseph Baena,14.0,12.0,2.0
31,5,Trevor Donovan,7.0,7.0,0.0
31,5,Daniel Durant,10.0,10.0,0.0
31,5,Wayne Brady,2.0,2.0,0.0
31,5,Sam Champion,13.0,14.0,-1.0
31,5,Jessie James Decker,9.0,9.0,0.0
31,5,Jordin Sparks,8.0,8.0,0.0
31,5,Heidi D'Amelio,5.0,5.0,0.0
31,5,Charli D'Amelio,1.0,1.0,0.0
31,5,Teresa Giudice,16.0,16.0,0.0
31,5,Vinny Guadagnino,12.0,11.0,1.0
31,5,Shangela,6.0,6.0,0.0
31,5,Gabby Windey,4.0,3.0,1.0
32,1,Jamie Lynn Spears,10.0,10.0,0.0
32,1,Mira Sorvino,7.0,7.0,0.0
32,1,Barry Williams,8.0,8.0,0.0
32,1,Alyson Hannigan,11.0,11.0,0.0
32,1,Xochitl Gomez,6.0,6.0,0.0
32,1,Adrian Peterson,5.0,5.0,0.0
32,1,Matt Walsh,14.0,14.0,0.0
32,1,Tyson Beckford,12.0,12.0,0.0
32,1,Jason Mraz,2.0,2.0,0.0
32,1,Lele Pons,4.0,4.0,0.0
32,1,Harry Jowsey,13.0,13.0,0.0
32,1,Mauricio Umansky,9.0,9.0,0.0
32,1,Charity Lawson,1.0,1.0,0.0
32,1,Ariana Madix,3.0,3.0,0.0
32,2,Jamie Lynn Spears,12.5,13.0,-0.5
32,2,Mira Sorvino,8.0,8.0,0.0
32,2,Barry Williams,10.5,10.0,0.5
32,2,Alyson Hannigan,6.0,6.0,0.0
32,2,Xochitl Gomez,1.0,1.0,0.0
32,2,Adrian Peterson,9.0,9.0,0.0
32,2,Matt Walsh,14.0,14.0,0.0
32,2,Tyson Beckford,7.0,7.0,0.0
32,2,Jason Mraz,2.0,2.0,0.0
32,2,Lele Pons,3.0,3.0,0.0
32,2,Harry Jowsey,12.5,11.0,1.5
32,2,Mauricio Umansky,10.5,12.0,-1.5
32,2,Charity Lawson,4.0,4.0,0.0
32,2,Ariana Madix,5.0,5.0,0.0
32,3,Jamie Lynn Spears,14.0,14.0,0.0
32,3,Mira Sorvino,6.0,6.0,0.0
32,3,Barry Williams,7.0,7.0,0.0
32,3,Alyson Hannigan,8.0,8.0,0.0
32,3,Xochitl Gomez,3.0,3.0,0.0
32,3,Adrian Peterson,11.0,11.0,0.0
32,3,Matt Walsh,12.0,13.0,-1.0
32,3,Tyson Beckford,13.0,12.0,1.0
32,3,Jason Mraz,2.0,2.0,0.0
32,3,Lele Pons,5.0,5.0,0.0
32,3,Harry Jowsey,9.0,9.0,0.0
32,3,Mauricio Umansky,10.0,10.0,0.0
32,3,Charity Lawson,4.0,4.0,0.0
32,3,Ariana Madix,1.0,1.0,0.0
32,5,Jamie Lynn Spears,12.0,12.0,0.0
32,5,Mira Sorvino,11.0,10.0,1.0
32,5,Barry Williams,4.0,4.0,0.0
32,5,Alyson Hannigan,8.0,8.0,0.0
32,5,Xochitl Gomez,1.0,1.0,0.0
32,5,Adrian Peterson,13.0,13.0,0.0
32,5,Matt Walsh,14.0,14.0,0.0
32,5,Tyson Beckford,9.0,11.0,-2.0
32,5,Jason Mraz,3.0,2.0,1.0
32,5,Lele Pons,7.0,7.0,0.0
32,5,Harry Jowsey,10.0,9.0,1.0
32,5,Mauricio Umansky,5.0,5.0,0.0
32,5,Charity Lawson,2.0,3.0,-1.0
32,5,Ariana Madix,6.0,6.0,0.0
33,2,Tori Spelling,11.0,13.0,-2.0
33,2,Eric Roberts,13.0,12.0,1.0
33,2,Reginald VelJohnson,12.0,11.0,1.0
33,2,Chandler Kinney,1.0,1.0,0.0
33,2,Dwight Howard ,2.0,2.0,0.0
33,2,Danny Amendola,6.0,6.0,0.0
33,2,Stephen Nedoroscik,3.0,3.0,0.0
33,2,Ilona Maher,5.0,5.0,0.0
33,2,Anna Delvey,10.0,10.0,0.0
33,2,Brooks Nader,8.0,8.0,0.0
33,2,Phaedra Parks,7.0,7.0,0.0
33,2,Jenn Tran,9.0,9.0,0.0
33,2,Joey Graziadei,4.0,4.0,0.0
33,3,Tori Spelling,12.0,12.0,0.0
33,3,Eric Roberts,11.0,11.0,0.0
33,3,Reginald VelJohnson,10.0,10.0,0.0
33,3,Chandler Kinney,2.0,2.0,0.0
33,3,Dwight Howard ,9.0,9.0,0.0
33,3,Danny Amendola,6.0,6.0,0.0
33,3,Stephen Nedoroscik,4.0,4.0,0.0
33,3,Ilona Maher,8.0,8.0,0.0
33,3,Anna Delvey,13.0,13.0,0.0
33,3,Brooks Nader,5.0,5.0,0.0
33,3,Phaedra Parks,7.0,7.0,0.0
33,3,Jenn Tran,3.0,3.0,0.0
33,3,Joey Graziadei,1.0,1.0,0.0
33,4,Tori Spelling,12.0,12.0,0.0
33,4,Eric Roberts,10.0,11.0,-1.0
33,4,Reginald VelJohnson,8.0,10.0,-2.0
33,4,Chandler Kinney,4.0,4.0,0.0
33,4,Dwight Howard ,11.0,8.0,3.0
33,4,Danny Amendola,2.0,2.0,0.0
33,4,Stephen Nedoroscik,3.0,3.0,0.0
33,4,Ilona Maher,7.0,7.0,0.0
33,4,Anna Delvey,13.0,13.0,0.0
33,4,Brooks Nader,9.0,9.0,0.0
33,4,Phaedra Parks,5.0,5.0,0.0
33,4,Jenn Tran,6.0,6.0,0.0
33,4,Joey Graziadei,1.0,1.0,0.0
34,2,Corey Feldman,14.0,14.0,0.0
34,2,Danielle Fishel,10.0,10.0,0.0
34,2,Elaine Hendrix,7.0,7.0,0.0
34,2,Baron Davis,11.0,11.0,0.0
34,2,Jordan Chiles,2.0,2.0,0.0
34,2,Andy Richter,13.0,13.0,0.0
34,2,Robert Irwin,1.0,1.0,0.0
34,2,Hilaria Baldwin,8.0,8.0,0.0
34,2,Lauren Jauregui,5.0,5.0,0.0
34,2,Scott Hoying,12.0,12.0,0.0
34,2,Alix Earle,6.0,6.0,0.0
34,2,Jen Affleck,4.0,4.0,0.0
34,2,Whitney Leavitt,3.0,3.0,0.0
34,2,Dylan Efron,9.0,9.0,0.0
34,3,Corey Feldman,12.5,13.0,-0.5
34,3,Danielle Fishel,8.0,8.0,0.0
34,3,Elaine Hendrix,9.0,9.0,0.0
34,3,Baron Davis,14.0,14.0,0.0
34,3,Jordan Chiles,1.0,1.0,0.0
34,3,Andy Richter,11.0,11.0,0.0
34,3,Robert Irwin,6.0,6.0,0.0
34,3,Hilaria Baldwin,7.0,7.0,0.0
34,3,Lauren Jauregui,12.5,12.0,0.5
34,3,Scott Hoying,5.0,5.0,0.0
34,3,Alix Earle,3.0,3.0,0.0
34,3,Jen Affleck,10.0,10.0,0.0
34,3,Whitney Leavitt,2.0,2.0,0.0
34,3,Dylan Efron,4.0,4.0,0.0
34,6,Corey Feldman,11.0,12.0,-1.0
34,6,Danielle Fishel,4.0,4.0,0.0
34,6,Elaine Hendrix,5.0,5.0,0.0
34,6,Baron Davis,13.0,13.0,0.0
34,6,Jordan Chiles,1.0,1.0,0.0
34,6,Andy Richter,10.0,9.0,1.0
34,6,Robert Irwin,3.0,3.0,0.0
34,6,Hilaria Baldwin,9.0,11.0,-2.0
34,6,Lauren Jauregui,14.0,14.0,0.0
34,6,Scott Hoying,12.0,10.0,2.0
34,6,Alix Earle,6.0,6.0,0.0
34,6,Jen Affleck,7.0,7.0,0.0
34,6,Whitney Leavitt,2.0,2.0,0.0
34,6,Dylan Efron,8.0,8.0,0.0
